Handle,craft,fabric,color,Product Types
gaia-co-ordinate-set-3583,"Dori Embroidery, Thread Embroidery, Bead Work, Sequin Embroidery",Linen,Blue,Co-ordinate Set
shiqa-co-ordinate-set-3582,Thread Embroidery,Linen,Green,Co-ordinate Set
arzen-co-ordinate-set-3581,Thread Embroidery,Linen,"Pink, White",Co-ordinate Set
alisha-co-ordinate-set-3580,Thread Embroidery,Linen,"Beige, White",Co-ordinate Set
cyra-co-ordinate-set-3579,"Thread Embroidery, Bead Work, Sequin Embroidery, Applique Work",Linen,"Yellow, White",Co-ordinate Set
elara-co-ordinate-set-3578,Thread Embroidery,Linen,Grey,Co-ordinate Set
raisa-co-ordinate-set-3577,"Thread Embroidery, 3D Embroidery",Linen,Yellow,Co-ordinate Set
soha-co-ordinate-set-3576,"Applique Work, Thread Embroidery",Linen,"Pink, White",Co-ordinate Set
lamya-co-ordinate-set-3575,Thread Embroidery,Linen,Green,Co-ordinate Set
sania-co-ordinate-set-3574,Thread Embroidery,Linen,"Beige, White",Co-ordinate Set
selia-co-ordinate-set-3573,"Ribbon Embroidery, Thread Embroidery",Linen,"Grey, White",Co-ordinate Set
iris-co-ordinate-set-3572,"Applique Work, Thread Embroidery",Linen,Blue,Co-ordinate Set
alba-co-ordinate-set-3571,Thread Embroidery,"Chanderi, Silk",Yellow,Co-ordinate Set
eden-co-ordinate-set-3570,Thread Embroidery,"Chanderi, Silk",Yellow,Co-ordinate Set
zafira-co-ordinate-set-3569,"Thread Embroidery, Bead Work","Chanderi, Silk",Blue,Co-ordinate Set
aya-co-ordinate-set-3568,"Thread Embroidery, Bead Work, Sequin Embroidery","Chanderi, Silk",Blue,Co-ordinate Set
elena-co-ordinate-set-3567,Thread Embroidery,"Chanderi, Silk",Pink,Co-ordinate Set
amina-co-ordinate-set-3566,Thread Embroidery,"Chanderi, Silk",Pink,Co-ordinate Set
anisha-co-ordinate-set-3565,"Ribbon Embroidery, 3D Embroidery, Bead Work, Sequin Embroidery","Chanderi, Silk",Green,Co-ordinate Set
mehzal-co-ordinate-set-3564,"Thread Embroidery, Bead Work","Chanderi, Silk",Green,Co-ordinate Set
izel-tunic-set-3563,"Thread Embroidery, Bead Work","Chanderi, Silk","Green, White",Tunic Set
ziana-tunic-set-3562,"Thread Embroidery, Bead Work","Chanderi, Silk",Yellow,Tunic Set
naz-tunic-set-3561,Thread Embroidery,"Chanderi, Silk",Yellow,Tunic Set
hifza-tunic-set-3560,Thread Embroidery,"Chanderi, Silk",Pink,Tunic Set
yasira-kaftan-set-3559,"Zari Work, Aari Embroidery, Bead Work","Chanderi, Mulmul",Yellow,Kaftan Set
maliha-kaftan-set-3558,"Zari Work, Aari Embroidery","Chanderi, Mulmul, Silk, Cotton",Blue,Kaftan Set
huda-long-kurta-set-3557,"Zari Work, Thread Embroidery","Chanderi, Silk, Mulmul",Blue,Kurta Set
iffat-long-kurta-set-3556,"Zari Work, Thread Embroidery","Chanderi, Silk, Mulmul",Pink,Kurta Set
yasim-long-kurta-set-3555,Thread Embroidery,"Chanderi, Silk, Mulmul",Pink,Kurta Set
riva-long-kurta-set-3554,Thread Embroidery,"Chanderi, Silk, Mulmul",Yellow,Kurta Set
mishka-long-anarkali-set-3553,Thread Embroidery,"Chanderi, Mulmul, Silk","Pink, Yellow",Anarkali Set
parisa-long-anarkali-set-3552,Thread Embroidery,"Chanderi, Mulmul, Silk","Blue, Yellow",Anarkali Set
quirat-short-kurta-set-3551,"Zari Work, Thread Embroidery, Thread Embroidery","Chanderi, Silk, Mulmul","White, Green",Kurta Set
kenza-short-kurta-set-3550,"Zari Work, Thread Embroidery, Thread Embroidery","Chanderi, Silk, Mulmul",Yellow,Kurta Set
simrat-long-anarkali-set-3549,"Aari Embroidery, Bead Work, Lace Work","Chanderi, Mulmul, Silk",Yellow,Anarkali Set
avisha-long-anarkali-set-3548,"Zari Work, Thread Embroidery, Lace Work","Chanderi, Silk, Mulmul","White, Green",Anarkali Set
israt-jumpsuit-3547,"Zari Work, Aari Embroidery, Lace Work","Chanderi, Silk","White, Green",Jumpsuit
rehana-jumpsuit-3546,"Thread Embroidery, Bead Work","Chanderi, Mulmul",Green,Jumpsuit
zanera-short-kurta-set-3545,"Thread Embroidery, Applique Work, Swarovski","Chanderi, Silk, Mulmul",Yellow,Kurta Set
zina-short-kurta-set-3544,"Thread Embroidery, Applique Work, Swarovski","Chanderi, Silk, Mulmul",Green,Kurta Set
ulfat-long-kurta-set-3543,"Thread Embroidery, Lace Work","Silk, Chanderi, Mulmul",Green,Kurta Set
azeena-long-kurta-set-3542,"Thread Embroidery, Lace Work","Silk, Chanderi, Mulmul",Blue,Kurta Set
rubina-jumpsuit-3540,"Sequin Embroidery, 3D Embroidery, Bead Work, Pearl Work, Swarovski",Georgette,Yellow,Jumpsuit
zuhaira-jumpsuit-3539,"Thread Embroidery, Bead Work, Swarovski",Georgette,Yellow,Jumpsuit
zayna-dress-3538,"Aari Embroidery, Sequin Embroidery, Pearl Work, Swarovski","Silk, Organza, Georgette","White, Green",Dress
shifa-draped-skirt-set-3537,"Sequin Embroidery, Bead Work, Swarovski","Chiffon, Silk, Organza, Satin",Pink,Skirt & Top
eiaf-cape-set-3535,"Aari Embroidery, Sequin Embroidery, Bead Work, Swarovski","Silk, Organza, Crepe",Green,Cape Set
sia-short-kurta-set-3534,"Aari Embroidery, Thread Embroidery, Sequin Embroidery, Zari Work, Swarovski","Georgette, Cotton, Tissue",Green,Kurta Set
afiya-long-kurta-set-3531,"Thread Embroidery, Zari Work, Sequin Embroidery, Bead Work, Swarovski","Silk, Organza","White, Beige",Kurta Set
ivy-short-anarkali-set-3527,"Thread Embroidery, Dabka Work, Sequin Embroidery, Bead Work, Lace Work, Swarovski","Silk, Organza, Georgette, Crepe","White, Green",Anarkali Set
nahla-sharara-set-3524,"Thread Embroidery, Sequin Embroidery, Bead Work, Zari Work, Cut Work, Scalloping, Swarovski","Silk, Organza, Georgette","Green, White",Sharara Set
hafsa-sharara-set-3523,"Thread Embroidery, Sequin Embroidery, Bead Work, Zari Work, Swarovski","Silk, Organza",Pink,Sharara Set
aeeba-saree-set-3522,"Sequin Embroidery, Thread Embroidery, Aari Embroidery, Pearl Work, Bead Work, Cut Work, Swarovski",Georgette,Blue,Saree Set
bahar-saree-set-3521,"Sequin Embroidery, Aari Embroidery, Pearl Work, Swarovski",Georgette,"White, Beige",Saree Set
nimra-saree-set-3520,"Sequin Embroidery, Aari Embroidery, Zari Work, Swarovski","Chiffon, Tissue, Banarasi",Yellow,Saree Set
bahia-saree-set-3518,"Applique Work, Dabka Work, Zari Work, Bead Work, Swarovski",Georgette,Yellow,Saree Set
zara-saree-set-3517,"Sequin Embroidery, Applique Work, Bead Work, Zari Work, Swarovski","Silk, Organza, Raw Silk",Yellow,Saree Set
meher-saree-set-3516,"3D Embroidery, Thread Embroidery, Sequin Embroidery, Bead Work, Swarovski","Silk, Organza, Raw Silk",Green,Saree Set
nazia-saree-set-3515,"Thread Embroidery, Sequin Embroidery, Bead Work","Georgette, Raw Silk","White, Green",Saree Set
diya-jumpsuit-3541,"Applique Work, Thread Embroidery, Sequin Embroidery, Pitta Work, Thread Embroidery, Swarovski, Bead Work, Pearl Work","Chiffon, Silk, Organza",Pink,Jumpsuit
soraya-cape-set-3536,"Thread Embroidery, Pearl Work, Bead Work, Swarovski",Georgette,Blue,Cape Set
rihab-short-kurta-set-3533,"Sequin Embroidery, Bead Work, Swarovski","Georgette, Organza, Silk",Blue,Kurta Set
zora-long-kurta-set-3532,"Thread Embroidery, Zari Work, Sequin Embroidery, Dabka Work, Bead Work, Swarovski","Georgette, Organza, Silk",Pink,Kurta Set
ajoor-long-anarkali-set-3530,"Thread Embroidery, Sequin Embroidery, Bead Work, Swarovski","Organza, Silk",Yellow,Anarkali Set
khizra-long-anarkali-set-3529,"Thread Embroidery, Zari Work, Sequin Embroidery, Dabka Work, Bead Work","Chanderi, Organza, Silk, Crepe","Beige, White",Anarkali Set
rabia-short-anarkali-set-3528,"Thread Embroidery, Sequin Embroidery, Bead Work, Zari Work, Cut Work, Scalloping","Georgette, Organza, Silk",Yellow,Anarkali Set
asya-gharara-set-3526,"Thread Embroidery, Sequin Embroidery, Dabka Work, Bead Work, Swarovski",Georgette,"Beige, White",Gharara Set
nayara-gharara-set-3525,"Applique Work, 3D Embroidery, Thread Embroidery, Sequin Embroidery, Bead Work, Scalloping","Georgette, Chiffon",Yellow,Gharara Set
zoya-saree-set-3519,"Pearl Work, Thread Embroidery, Sequin Embroidery, Applique Work, Bead Work, Swarovski","Chanderi, Organza, Silk",Pink,Saree Set
saaya-lehenga-set-3514,"Thread Embroidery, Sequin Embroidery, Dabka Work, Bead Work, Swarovski","Organza, Silk, Raw Silk","White, Green",Lehenga Set
nahar-lehenga-set-3513,"Applique Work, Sequin Embroidery, Dori Embroidery, Dabka Work, Pearl Work, Bead Work, Thread Embroidery, Swarovski","Raw Silk, Organza, Silk, Tissue","Beige, White",Lehenga Set
sahar-lehenga-set-3512,"Applique Work, Zari Work, Sequin Embroidery, Bead Work","Organza, Silk",Pink,Lehenga Set
sasha-lehenga-set-3511,"Applique Work, Zari Work, Sequin Embroidery, Pearl Work, Bead Work, Swarovski","Organza, Silk",Blue,Lehenga Set
caramel-co-ordinate-set-3510,"Digital Printing, Thread Embroidery",Linen,Uncategorized,Co-ordinate Set
onyx-co-ordinate-set-3509,Digital Printing,Linen,Blue,Co-ordinate Set
midnight-co-ordinate-set-3508,"Digital Printing, Thread Embroidery",Linen,Blue,Co-ordinate Set
mulberry-co-ordinate-set-3507,"Digital Printing, Thread Embroidery",Linen,Purple,Co-ordinate Set
anchor-co-ordinate-set-3506,Digital Printing,Linen,Grey,Co-ordinate Set
juniper-co-ordinate-set-3505,Digital Printing,Linen,Green,Co-ordinate Set
ruby-co-ordinate-set-3504,Digital Printing,Linen,Red,Co-ordinate Set
ebong-co-ordinate-set-3503,Digital Printing,Linen,Green,Co-ordinate Set
ambre-co-ordinate-set-3502,Digital Printing,Linen,Green,Co-ordinate Set
dahlia-co-ordinate-set-3501,Digital Printing,Linen,"Blue, Green",Co-ordinate Set
jade-co-ordinate-set-3500,Digital Printing,Linen,Blue,Co-ordinate Set
scarlet-co-ordinate-set-3499,Digital Printing,Linen,Red,Co-ordinate Set
insha-long-kurta-set-3498,Dabka Work,"Velvet, Silk",Black,Kurta Set
mishika-long-kurta-set-3290,Applique Work,"Velvet, Tissue, Cotton, Silk",Red,Kurta Set
ridhi-long-kurta-set-3289,Dori Embroidery,"Velvet, Tissue, Cotton, Silk","Yellow, Red",Kurta Set
mahika-short-kurta-set-3286,Thread Embroidery,"Velvet, Tissue, Banarasi, Cotton, Silk",Pink,Kurta Set
ritvi-long-kurta-set-3283,Dori Embroidery,"Velvet, Tissue, Banarasi, Cotton, Silk","Silver, Red",Kurta Set
saanvi-short-kurta-set-3281,Thread Embroidery,"Velvet, Silk",Red,Kurta Set
mehram-long-kurta-set-3497,Dori Embroidery,"Velvet, Silk",Red,Kurta Set
sajal-long-kurta-set-3496,Dori Embroidery,"Velvet, Silk",Blue,Kurta Set
raatib-long-kurta-set-3495,Dori Embroidery,"Velvet, Silk",Black,Kurta Set
ashma-long-kurta-set-3494,Dori Embroidery,"Velvet, Silk",Green,Kurta Set
arish-long-kurta-set-3493,Dori Embroidery,"Velvet, Silk",Blue,Kurta Set
arham-long-kurta-set-3492,Dori Embroidery,"Velvet, Silk",Orange,Kurta Set
siham-long-kurta-set-3451,Thread Embroidery,"Chanderi, Silk",Red,Kurta Set
salma-long-kurta-set-3450,Thread Embroidery,"Chanderi, Silk","Beige, Green",Kurta Set
shadiya-short-kurta-set-3449,"Zari Work, Thread Embroidery","Tissue, Cotton, Silk","Purple, Beige",Kurta Set
samiya-short-kurta-set-3448,"Zari Work, Sequin Embroidery","Tissue, Cotton, Silk","Black, Beige, Gold",Kurta Set
zahira-long-kurta-set-3447,"Dori Embroidery, Thread Embroidery","Tissue, Cotton, Silk, Organza","Black, Pink",Kurta Set
sakina-long-kurta-set-3446,"Dori Embroidery, Thread Embroidery","Tissue, Cotton, Silk, Organza","Purple, Pink",Kurta Set
yaman-long-kurta-set-3445,"Zari Work, Thread Embroidery","Chanderi, Silk, Banarasi, Cotton, Tissue","Green, Gold",Kurta Set
tahira-long-kurta-set-3444,"Zari Work, Thread Embroidery","Chanderi, Silk, Banarasi, Cotton, Tissue","Red, Gold",Kurta Set
reem-co-ordinate-set-3477,Thread Embroidery,Linen,Black,Co-ordinate Set
dani-co-ordinate-set-3476,Thread Embroidery,Linen,Beige,Co-ordinate Set
yana-co-ordinate-set-3475,"Thread Embroidery, Zari Work",Linen,"Green, White, Gold",Co-ordinate Set
vara-co-ordinate-set-3474,Thread Embroidery,Linen,Beige,Co-ordinate Set
raha-co-ordinate-set-3473,Thread Embroidery,Linen,Black,Co-ordinate Set
meeli-co-ordinate-set-3472,Thread Embroidery,Linen,Green,Co-ordinate Set
lara-co-ordinate-set-3471,Thread Embroidery,"Linen, Silk, Organza",Beige,Co-ordinate Set
kiya-co-ordinate-set-3470,"Thread Embroidery, Scalloping",Linen,Black,Co-ordinate Set
eka-co-ordinate-set-3469,Thread Embroidery,Linen,Black,Co-ordinate Set
bini-co-ordinate-set-3468,Thread Embroidery,Linen,Green,Co-ordinate Set
aria-co-ordinate-set-3467,Lace Work,Linen,"Beige, Green",Co-ordinate Set
anura-co-ordinate-set-3466,Swarovski,Linen,Green,Co-ordinate Set
ahana-co-ordinate-set-3465,"3D Embroidery, Thread Embroidery, Applique Work",Linen,Black,Co-ordinate Set
uma-co-ordinate-set-3464,"Thread Embroidery, Swarovski",Linen,Black,Co-ordinate Set
reet-co-ordinate-set-3463,Thread Embroidery,"Linen, Silk, Organza",Green,Co-ordinate Set
tisya-co-ordinate-set-3462,Thread Embroidery,Linen,Beige,Co-ordinate Set
akshi-co-ordinate-set-3460,Thread Embroidery,Linen,Beige,Co-ordinate Set
aala-short-kurta-set-3456,"Aari Embroidery, Zari Work","Chanderi, Tissue","Yellow, Beige",Kurta Set
ayah-short-kurta-set-3455,"Dori Embroidery, Zari Work, Chatta Patti Work",Tissue,"Beige, Yellow",Kurta Set
abda-short-kurta-set-3457,"Aari Embroidery, Zari Work","Chanderi, Tissue",Red,Kurta Set
gia-co-ordinate-set-3458,Thread Embroidery,Linen,Green,Co-ordinate Set
aafreen-short-kurta-set-3452,Zari Work,Tissue,"Pink, Beige",Kurta Set
raniya-short-anarkali-set-3442,Zari Work,"Chanderi, Tissue","Yellow, Beige",Anarkali Set
jeeva-co-ordinate-set-3461,Thread Embroidery,Linen,Green,Co-ordinate Set
avya-co-ordinate-set-3459,Thread Embroidery,"Linen, Organza",Black,Co-ordinate Set
azra-short-kurta-set-3454,"Dori Embroidery, Zari Work, Chatta Patti Work","Tissue, Organza",Pink,Kurta Set
aamina-short-kurta-set-3453,Zari Work,Tissue,"Green, Purple, Beige",Kurta Set
salima-short-anarkali-set-3443,Zari Work,"Chanderi, Tissue","Green, Beige",Anarkali Set
rashida-short-kurta-set-3441,Dori Embroidery,"Silk, Organza",Yellow,Kurta Set
najiya-short-kurta-set-3440,"Zari Work, Applique Work","Raw Silk, Organza",Red,Kurta Set
kamila-short-kurta-set-3439,Zari Work,"Raw Silk, Tissue","Green, Yellow, Beige",Kurta Set
noushin-short-kurta-set-3438,"Aari Embroidery, Zari Work, Applique Work","Raw Silk, Banarasi, Tissue",Beige,Kurta Set
nusrat-short-kurta-set-3437,"Aari Embroidery, Zari Work","Raw Silk, Silk, Tissue","Green, Beige",Kurta Set
maira-short-kurta-set-3436,"Aari Embroidery, Zari Work","Raw Silk, Banarasi, Tissue","Purple, Yellow, Green",Kurta Set
latifa-long-kurta-set-3435,"Dori Embroidery, Applique Work, Chatta Patti Work, Zari Work","Raw Silk, Organza","Pink, Green",Kurta Set
khalida-kaftan-set-3434,Zari Work,Raw Silk,"Beige, Green",Kaftan Set
jamila-cape-set-3433,"Zari Work, Dori Embroidery","Raw Silk, Banarasi","Black, Pink",Cape Set
haniya-jacket-set-3432,Zari Work,Raw Silk,Purple,Jacket Set
hanifa-jacket-set-3431,Zari Work,"Raw Silk, Cotton, Tissue","Black, Beige",Jacket Set
bushra-short-anarkali-set-3430,Zari Work,"Silk, Tissue","Yellow, Beige",Anarkali Set
baseema-long-anarkali-set-3429,Aari Embroidery,"Raw Silk, Organza",Black,Anarkali Set
aisha-long-anarkali-set-3428,Aari Embroidery,"Organza, Tissue","Red, Green",Anarkali Set
adeela-sharara-set-3427,"Zari Work, Patri Work","Cotton, Tissue, Organza",Purple,Sharara Set
aneesa-sharara-set-3426,"Zari Work, Pitta Work","Raw Silk, Tissue","Pink, Green",Sharara Set
atika-gharara-set-3425,"Zari Work, Aari Embroidery","Raw Silk, Cotton, Tissue, Banarasi",Purple,Gharara Set
shahida-gharara-set-3424,Dori Embroidery,"Silk, Organza",Red,Gharara Set
hadiya-saree-set-3423,Zari Work,"Silk, Organza, Tissue",Red,Saree Set
najida-saree-set-3422,Aari Embroidery,"Cotton, Tissue, Banarasi","Green, Red",Saree Set
rizwana-saree-set-3421,"Aari Embroidery, Pearl Work","Cotton, Tissue, Raw Silk",Black,Saree Set
maheen-saree-set-3420,"Dori Embroidery, Pearl Work, Sequin Embroidery",Raw Silk,"Beige, Yellow",Saree Set
jaseena-saree-set-3419,"Zari Work, Applique Work","Cotton, Tissue, Raw Silk",Green,Saree Set
masooma-saree-set-3418,"Aari Embroidery, Pearl Work, Sequin Embroidery","Raw Silk, Banarasi","Red, Beige",Saree Set
adiva-saree-set-3417,"Applique Work, Pearl Work, Sequin Embroidery, Zari Work, Pitta Work","Silk, Organza, Georgette",Black,Saree Set
nurul-saree-set-3416,"Zari Work, Pitta Work, Pearl Work, Sequin Embroidery","Silk, Banarasi","Beige, Green, Red",Saree Set
leila-lehenga-set-3415,"Aari Embroidery, Pearl Work, Sequin Embroidery","Cotton, Tissue, Raw Silk, Organza",Red,Lehenga Set
yasmin-lehenga-set-3414,Zari Work,Raw Silk,Pink,Lehenga Set
mariam-lehenga-set-3413,Applique Work,Raw Silk,"Black, Red",Lehenga Set
aaliyah-lehenga-set-3412,Zari Work,"Silk, Tissue","Yellow, Green, Pink, Gold",Lehenga Set
sunshine-long-kurta-set-3395,Hand Painting,"Chanderi, Mulmul, Tissue, Cotton",White,Kurta Set
maysa-long-kurta-set-3386,Digital Printing,"Chanderi, Silk",White,Kurta Set
sage-co-ordinate-set-3411,"Applique Work, Scalloping",Linen,White,Co-ordinate Set
moss-co-ordinate-set-3410,Thread Embroidery,Linen,Green,Co-ordinate Set
marble-co-ordinate-set-3409,,Linen,White,Co-ordinate Set
julie-co-ordinate-set-3408,,Linen,"Orange, White",Co-ordinate Set
nena-co-ordinate-set-3407,,Linen,White,Co-ordinate Set
flora-co-ordinate-set-3406,Scalloping,Linen,Green,Co-ordinate Set
saffron-co-ordinate-set-3405,Thread Embroidery,Linen,Yellow,Co-ordinate Set
teal-co-ordinate-set-3404,Scalloping,Linen,Blue,Co-ordinate Set
flame-co-ordinate-set-3403,Thread Embroidery,Linen,Orange,Co-ordinate Set
pearl-co-ordinate-set-3402,Thread Embroidery,Linen,White,Co-ordinate Set
flemingo-co-ordinate-set-3401,Thread Embroidery,Linen,Pink,Co-ordinate Set
joy-co-ordinate-set-3400,Hand Painting,"Chanderi, Mulmul",White,Co-ordinate Set
fern-co-ordinate-set-3399,Hand Painting,"Chanderi, Mulmul",White,Co-ordinate Set
daisy-co-ordinate-set-3398,Hand Painting,"Chanderi, Mulmul",White,Co-ordinate Set
jamaica-co-ordinate-set-3397,Hand Painting,"Chanderi, Mulmul",White,Co-ordinate Set
grace-long-kurta-set-3396,Hand Painting,"Chanderi, Mulmul, Tissue, Cotton",White,Kurta Set
rose-long-kurta-set-3394,Hand Painting,"Chanderi, Mulmul, Tissue, Cotton","Blue, White",Kurta Set
tulip-long-kurta-set-3393,Hand Painting,"Chanderi, Mulmul, Tissue, Cotton",White,Kurta Set
sharmin-lehenga-set-3392,Digital Printing,"Tissue, Cotton",Beige,Lehenga Set
nayasia-long-anarkali-set-3390,Digital Printing,"Tissue, Cotton, Crepe",Beige,Anarkali Set
maya-short-anarkali-set-3389,"Digital Printing, Sequin Embroidery, Gota Patti","Tissue, Cotton, Crepe",Green,Anarkali Set
elma-short-anarkali-set-3388,Digital Printing,"Tissue, Cotton",Beige,Anarkali Set
zaira-short-anarkali-set-3387,Digital Printing,"Tissue, Cotton, Tussar, Silk","Blue, Yellow",Anarkali Set
affan-long-kurta-set-3385,"Digital Printing, Thread Embroidery, Thread Embroidery","Chanderi, Silk",White,Kurta Set
mahiz-long-kurta-set-3384,"Thread Embroidery, Thread Embroidery, Dabka Work, Sequin Embroidery, Zari Work, Pearl Work, Bead Work","Organza, Silk","Yellow, Peach",Kurta Set
nuha-long-kurta-set-3383,"Thread Embroidery, Thread Embroidery, Dabka Work, Sequin Embroidery, Pearl Work","Georgette, Silk, Tissue, Cotton","Yellow, Beige, White",Kurta Set
sidra-saree-set-3380,"Thread Embroidery, Thread Embroidery, Sequin Embroidery, Zari Work, Pearl Work","Georgette, Silk","Beige, Silver, Gold, White",Saree Set
alizha-long-kurta-set-3376,"Thread Embroidery, Thread Embroidery, Sequin Embroidery, Zari Work, Pearl Work","Organza, Silk, Tissue","Pink, White, Beige, Silver",Kurta Set
raha-long-anarkali-set-3373,"Thread Embroidery, Thread Embroidery, Sequin Embroidery, Zari Work","Georgette, Silk, Chiffon, Crepe","Beige, White",Anarkali Set
afee-gharara-set-3371,"Zardozi Embroidery, Thread Embroidery, Thread Embroidery, Pearl Work, Bead Work","Georgette, Silk, Organza","Pink, Gold",Gharara Set
aziza-long-kurta-set-3367,"Thread Embroidery, Thread Embroidery","Chanderi, Mulmul","Yellow, White",Kurta Set
aafia-long-kurta-set-3366,"Thread Embroidery, Thread Embroidery","Chanderi, Mulmul, Tissue, Cotton","Blue, Beige",Kurta Set
liba-long-kurta-set-3365,"Thread Embroidery, Thread Embroidery","Chanderi, Mulmul, Cotton, Crepe, Silk","White, Beige",Kurta Set
iram-long-kurta-set-3364,"Thread Embroidery, Thread Embroidery","Chanderi, Mulmul, Cotton, Crepe, Silk","Blue, Green",Kurta Set
fasha-long-kurta-set-3359,"Thread Embroidery, Cut Work",Chanderi,Pink,Kurta Set
shazi-long-kurta-set-3358,"Thread Embroidery, Cut Work",Chanderi,White,Kurta Set
eman-co-ordinate-set-3353,Lace Work,Chanderi,White,Co-ordinate Set
alina-saree-set-3346,"Sequin Embroidery, Bead Work, Thread Embroidery, 3D Embroidery",Georgette,Blue,Saree Set
dua-long-kurta-set-3345,"Patri Work, Thread Embroidery, Sequin Embroidery, Swarovski","Georgette, Organza",Pink,Kurta Set
ismat-long-kurta-set-3338,"Thread Embroidery, Sequin Embroidery","Georgette, Organza",Blue,Kurta Set
ashraqat-gharara-set-3337,"Thread Embroidery, Sequin Embroidery","Georgette, Organza",Yellow,Gharara Set
wahida-long-anarkali-set-3336,"Thread Embroidery, Sequin Embroidery, Pearl Work, Applique Work, Swarovski","Chanderi, Tissue, Crepe",Beige,Anarkali Set
dalia-short-kurta-set-3335,"Thread Embroidery, Sequin Embroidery, Pearl Work, Applique Work",Organza,"White, Blue",Kurta Set
mehwish-lehenga-set-3331,"Patri Work, Thread Embroidery, Bead Work, Sequin Embroidery, Zari Work",Organza,Pink,Lehenga Set
hana-long-kurta-set-3330,"Applique Work, Sequin Embroidery, Zari Work, Bead Work, Pearl Work","Georgette, Crepe, Organza",Pink,Kurta Set
rida-short-kurta-set-3328,"Thread Embroidery, Dori Embroidery","Tissue, Organza","Beige, Green",Kurta Set
hiba-short-kurta-set-3327,"Thread Embroidery, Dori Embroidery","Tissue, Organza","Blue, White",Kurta Set
aiza-long-kurta-set-3322,"Thread Embroidery, Zari Work, Sequin Embroidery, Pearl Work","Chanderi, Tissue",Green,Kurta Set
afni-long-kurta-set-3321,"Thread Embroidery, Zari Work, Sequin Embroidery, Pearl Work","Chanderi, Tissue","White, Green",Kurta Set
isbah-short-kurta-set-3320,"Thread Embroidery, Sequin Embroidery, Pearl Work","Tissue, Organza",Pink,Kurta Set
zakia-short-kurta-set-3319,"Thread Embroidery, Sequin Embroidery, Pearl Work","Tissue, Organza",Beige,Kurta Set
jafna-co-ordinate-set-3382,"Thread Embroidery, Applique Work, Lace Work","Satin, Chiffon",Pink,Co-ordinate Set
aafa-co-ordinate-set-3381,"Eyelet Embroidery, Thread Embroidery","Satin, Chiffon","Beige, White",Co-ordinate Set
afifa-saree-set-3379,"Pitta Work, Zari Work, Sequin Embroidery","Tissue, Raw Silk",Blue,Saree Set
fabia-saree-set-3378,"Sequin Embroidery, Zari Work, Pearl Work","Organza, Silk, Tissue, Cotton","White, Gold",Saree Set
hafia-saree-set-3377,"Sequin Embroidery, Zari Work, Bead Work","Georgette, Silk, Organza","Green, Beige",Saree Set
myra-cape-set-3375,Sequin Embroidery,"Georgette, Silk, Satin","Beige, White",Cape Set
nida-angrakha-set-3374,"Applique Work, Sequin Embroidery, Dabka Work, Thread Embroidery","Organza, Silk, Chiffon","Beige, White, Silver",Angrakha Set
layla-short-anarkali-set-3372,Sequin Embroidery,"Organza, Silk, Tissue, Cotton","Blue, Peach",Anarkali Set
aali-sharara-set-3370,"Sequin Embroidery, Pearl Work, Thread Embroidery, Pitta Work","Organza, Silk, Tissue, Cotton","Green, Peach, Pink",Sharara Set
barika-lehenga-set-3369,"Sequin Embroidery, Pearl Work, Thread Embroidery, Swarovski, Bead Work, Cut Work","Organza, Silk, Raw Silk",White,Lehenga Set
gulaab-lehenga-set-3368,"Sequin Embroidery, Pearl Work, Thread Embroidery, Zardozi Embroidery, Bead Work","Tissue, Cotton, Linen, Silk","Beige, Blue, White, Gold",Lehenga Set
reeha-cape-set-3347,"Sequin Embroidery, Zardozi Embroidery, Thread Embroidery, Swarovski","Organza, Silk, Satin","Beige, Gold",Cape Set
narwa-saree-set-3344,"Sequin Embroidery, Zari Work, Swarovski","Georgette, Silk, Satin","Yellow, Gold",Saree Set
aaira-saree-set-3343,"Sequin Embroidery, Applique Work, Pearl Work, Zari Work, Swarovski","Georgette, Silk, Organza, Satin","White, Beige, Gold",Saree Set
rufi-saree-set-3342,Sequin Embroidery,"Georgette, Silk, Raw Silk, Satin",Pink,Saree Set
lisna-saree-set-3341,"Applique Work, Gara Embroidery, Sequin Embroidery, Pearl Work","Tissue, Cotton, Silk, Raw Silk, Satin","Green, White, Beige, Gold",Saree Set
nura-kaftan-set-3340,"Sequin Embroidery, Thread Embroidery","Satin, Jacquard, Silk, Chiffon","Green, White, Silver",Kaftan Set
ainaz-lehenga-set-3339,"Applique Work, Sequin Embroidery, Pearl Work, Thread Embroidery, Swarovski","Organza, Silk","White, Beige",Lehenga Set
farasha-sharara-set-3334,"Sequin Embroidery, Zardozi Embroidery, Thread Embroidery, Bead Work, Swarovski","Organza, Silk, Tissue",Beige,Sharara Set
rooh-short-anarkali-set-3333,"Patri Work, Thread Embroidery, Zari Work","Georgette, Silk, Organza","Green, Silver",Anarkali Set
zia-kaftan-set-3332,"Patri Work, Thread Embroidery, Zari Work","Satin, Jacquard, Silk, Chiffon","Blue, Silver",Kaftan Set
maavi-cape-set-3329,"Applique Work, Sequin Embroidery, Zari Work, Pearl Work, Swarovski","Organza, Silk, Satin","White, Silver",Cape Set
taia-angrakha-set-3325,"Gara Embroidery, Sequin Embroidery","Chanderi, Mulmul, Chiffon, Crepe","Green, White, Silver",Angrakha Set
ira-short-anarkali-set-3324,"Sequin Embroidery, Pearl Work, Thread Embroidery","Tissue, Silk, Cotton, Organza",Blue,Anarkali Set
feba-short-anarkali-set-3323,"Sequin Embroidery, Pearl Work, Thread Embroidery","Tissue, Silk, Cotton, Organza","Yellow, Beige",Anarkali Set
hena-angrakha-set-3363,"Gara Embroidery, Eyelet Embroidery","Tissue, Chanderi, Mulmul, Crepe, Cotton","Beige, White",Angrakha Set
haya-angrakha-set-3362,"Gara Embroidery, Eyelet Embroidery","Tissue, Chanderi, Mulmul, Crepe, Cotton","Beige, White, Green",Angrakha Set
aqila-cape-set-3361,"Gara Embroidery, Zari Work","Chanderi, Silk, Satin","Blue, Silver, Beige, White",Cape Set
nyza-cape-set-3360,"Gara Embroidery, Zari Work","Chanderi, Silk, Satin","Yellow, Silver, Beige, White",Cape Set
diwa-co-ordinate-set-3357,Thread Embroidery,Linen,White,Co-ordinate Set
hyat-co-ordinate-set-3356,Thread Embroidery,Linen,White,Co-ordinate Set
fana-co-ordinate-set-3355,"Thread Embroidery, Applique Work",Linen,"Beige, White",Co-ordinate Set
aami-co-ordinate-set-3354,Gara Embroidery,Linen,Beige,Co-ordinate Set
naura-co-ordinate-set-3352,Gara Embroidery,"Chanderi, Mulmul",White,Co-ordinate Set
arfa-co-ordinate-set-3351,Gara Embroidery,"Chanderi, Mulmul",White,Co-ordinate Set
risha-co-ordinate-set-3350,"3D Embroidery, Thread Embroidery","Chanderi, Mulmul","Beige, White",Co-ordinate Set
noya-co-ordinate-set-3349,Gara Embroidery,"Chanderi, Mulmul","Beige, White",Co-ordinate Set
abia-co-ordinate-set-3348,Thread Embroidery,Linen,"White, Beige",Co-ordinate Set
jinan-angrakha-set-3326,"Gara Embroidery, Sequin Embroidery","Chanderi, Mulmul, Chiffon, Crepe","Green, White, Beige, Silver",Angrakha Set
ifra-co-ordinate-set-3318,"Thread Embroidery, Patri Work",Linen,Beige,Co-ordinate Set
eana-co-ordinate-set-3317,"Thread Embroidery, Applique Work",Linen,White,Co-ordinate Set
eshal-co-ordinate-set-3316,Thread Embroidery,Linen,White,Co-ordinate Set
warda-co-ordinate-set-3315,Thread Embroidery,Linen,"Beige, White",Co-ordinate Set
naima-co-ordinate-set-3314,Thread Embroidery,Linen,Beige,Co-ordinate Set
nahta-co-ordinate-set-3313,"Patri Work, Thread Embroidery",Chanderi,White,Co-ordinate Set
aida-co-ordinate-set-3312,Thread Embroidery,Chanderi,Beige,Co-ordinate Set
arwa-co-ordinate-set-3311,Thread Embroidery,Chanderi,White,Co-ordinate Set
nuri-co-ordinate-set-3310,Gara Embroidery,Chanderi,Beige,Co-ordinate Set
leen-co-ordinate-set-3309,Gara Embroidery,Chanderi,White,Co-ordinate Set
prit-jacket-set-3296,,"Satin, Silk",Red,Jacket Set
neelanjana-jacket-set-3295,,Banarasi,Blue,Jacket Set
nadiya-jacket-set-3294,,Banarasi,Black,Jacket Set
roli-kurta-set-3293,Zari Embroidery,"Banarasi, Tissue, Cotton","Pink, Red, Gold",Kurta Set
barkha-kurta-set-3292,Zari Embroidery,"Banarasi, Tissue, Cotton","Blue, Gold",Kurta Set
neelima-kurta-set-3291,Thread Embroidery,"Velvet, Banarasi, Tissue, Cotton","Blue, Gold",Kurta Set
mishika-kurta-set-3290,Thread Embroidery,"Velvet, Tissue, Cotton",Red,Kurta Set
ridhi-kurta-set-3289,Dori Embroidery,"Velvet, Tissue, Cotton","Pink, Yellow",Kurta Set
ishanvi-kurta-set-3288,Dori Embroidery,"Velvet, Tissue, Cotton, Satin, Silk",Yellow,Kurta Set
chandani-kurta-set-3287,Thread Embroidery,"Velvet, Banarasi, Tissue, Cotton","Black, Gold",Kurta Set
mahika-kurta-set-3286,Thread Embroidery,"Velvet, Banarasi, Tissue, Cotton",Pink,Kurta Set
harika-kurta-set-3285,Zari And Thread Embroidery,"Banarasi, Tissue, Silk","Green, Red",Kurta Set
jeevika-kurta-set-3284,Zari And Thread Embroidery,"Banarasi, Raw Silk, Tissue, Cotton","Gold, Blue",Kurta Set
ritvi-kurta-set-3283,Dori Embroidery,"Velvet, Banarasi, Tissue, Cotton","Pink, Grey",Kurta Set
shrika-short-anarkali-set-3282,Dori Embroidery,"Silk, Velvet, Tissue, Cotton",Yellow,Anarkali Set
saanvi-kurta-set-3281,"Thread Embroidery, Dori Embroidery","Silk, Velvet",Red,Kurta Set
suneela-kurta-set-3280,"Thread Embroidery, Dori Embroidery","Silk, Velvet, Cotton, Tissue",Blue,Kurta Set
tanvi-short-anarkali-set-3279,"Thread Embroidery, Dori Embroidery, Gota Patti","Silk, Velvet, Cotton, Tissue",Uncategorized,Anarkali Set
ati-kurta-set-3278,"Thread Embroidery, Dori Embroidery","Silk, Velvet, Organza",Black,Kurta Set
dhriti-jacket-set-3277,,Banarasi,"Yellow, Red",Jacket Set
adhira-jacket-set-3276,,Banarasi,"Black, Red",Jacket Set
rashmi-jacket-set-3275,,Banarasi,"Black, Pink",Jacket Set
archana-kurta-set-3274,Aari Embroidery,"Banarasi, Organza","Orange, Red, Pink",Kurta Set
sitara-kurta-set-3273,"Aari Embroidery, Zari Work","Banarasi, Silk, Tissue","Black, Gold, Silver",Kurta Set
aaira-kurta-set-3272,Aari Embroidery,"Raw Silk, Banarasi",Red,Kurta Set
mehdi-lehenga-set-olive,Aari Embroidery,"Raw Silk, Linen, Tissue, Silk",Uncategorized,Lehenga Set
yahvi-saree-set-yellow,"Aari Embroidery, Dabka Work, Pearl Work, Sequin Embroidery, Dori Embroidery, Zari Work","Tissue, Silk","Yellow, Silver",Saree Set
sudhani-lehenga-set-golden-yellow,Aari Embroidery,"Tissue, Silk, Raw Silk","Yellow, Gold",Lehenga Set
naysa-kurta-set-red,Embroidery,"Raw Silk, Linen, Tissue, Silk",Red,Kurta Set
devika-lehenga-set-mustard-gold,Zari Embroidery,"Raw Silk, Tissue, Silk","Yellow, Gold",Lehenga Set
iksha-co-ordinate-set-red,Cut Work,"Chanderi, Silk",Red,Co-ordinate Set
saanvi-saree-set-blue,Dori Embroidery,"Raw Silk, Silk",Blue,Saree Set
tisha-saree-set-olive,Zari Embroidery,"Tissue, Silk",Uncategorized,Saree Set
semal-lehenga-set-purple-silver,Zardozi Embroidery,"Raw Silk, Tissue, Silk","Purple, Silver",Lehenga Set
tushali-kurta-set-purple-olive,Zari Work,"Munga, Silk, Tissue",Purple,Kurta Set
palki-kurta-set-red-olive,Thread Embroidery,"Munga, Silk, Tissue",Red,Kurta Set
neela-kurta-set-blue,"Thread Embroidery, Applique Work","Tissue, Banarasi",Blue,Kurta Set
mitra-kurta-set-red,Aari Embroidery,"Munga, Tissue",Red,Kurta Set
barhi-kurta-set-purple,"Applique Work, Dori Embroidery","Tissue, Linen, Munga",Purple,Kurta Set
veda-kurta-set-olive-beige,Zardozi Embroidery,"Munga, Linen, Tissue",Beige,Kurta Set
charita-kurta-set-olive-red,Dori Embroidery,"Munga, Banarasi, Tussar",Red,Kurta Set
roop-anarkali-set-musterd-olive,Tilla Work,"Munga, Cotton, Tissue",Yellow,Anarkali Set
mishika-kurta-set-blue,"Thread Embroidery, Zari Work","Munga, Cotton, Tissue",Blue,Kurta Set
ritul-kurta-set-purpple,"Thread Embroidery, Zari Work","Chanderi, Cotton",Purple,Kurta Set
snehal-kurta-set-red,"Thread Embroidery, Zari Work","Chanderi, Cotton",Red,Kurta Set
rijul-anarkali-set-beige-blue,"Thread Embroidery, Zari Work","Chanderi, Cotton, Banarasi","Beige, Blue",Anarkali Set
palash-anarkali-set-olive-green-red,"Thread Embroidery, Zari Work","Chanderi, Cotton, Banarasi","Red, Green",Anarkali Set
naksh-kurta-set-yellow,"Thread Embroidery, Dori Embroidery, Zari Work","Chanderi, Mulmul",Yellow,Kurta Set
malay-kurta-set-blue,"Thread Embroidery, Dori Embroidery, Zari Work","Chanderi, Mulmul",Blue,Kurta Set
mahin-kurta-set-olive-green-yellow,Dori Embroidery,"Munga, Linen, Cotton, Tissue","Yellow, Green",Kurta Set
lahar-kurta-set-purple-silver,Dori Embroidery,"Munga, Linen, Tissue","Purple, Silver",Kurta Set
chahal-kurta-set-yellow-beige,"Thread Embroidery, Zari Work",Chanderi,"Yellow, Beige",Kurta Set
dipal-kurta-set-red-beige,"Thread Embroidery, Zari Work",Chanderi,"Red, Beige",Kurta Set
aayu-kurta-set-beige-red,Aari Embroidery,"Munga, Chanderi","Beige, Red",Kurta Set
hiral-kurta-set-beige-blue,Aari embroidery,"Silk, Chanderi","Blue, Beige",Kurta Set
vishaka-co-ordinate-set-olive,Gara Embroidery,Chanderi,Uncategorized,Co-ordinate Set
kunja-co-ordinate-set-black,Thread Embroidery,Chanderi,Black,Co-ordinate Set
veena-co-ordinate-set-olive,Thread Embroidery,Chanderi,Uncategorized,Co-ordinate Set
ramaya-co-ordinate-set-black,"Thread Embroidery, Cut Work",Chanderi,Black,Co-ordinate Set
lekha-co-ordinate-set-red,Thread Embroidery,Chanderi,Red,Co-ordinate Set
adhara-co-ordinate-set-red,Applique Work,Chanderi,Red,Co-ordinate Set
dhani-co-ordinate-set-olive-green,"Thread Embroidery, Patri Work",Chanderi,Green,Co-ordinate Set
mayra-co-ordinate-set-red,Patch Work,Chanderi,Red,Co-ordinate Set
tara-co-ordinate-set-olive,Patch Work,Chanderi,Uncategorized,Co-ordinate Set
naisha-co-ordinate-set-black,Aari embroidery,Chanderi,Black,Co-ordinate Set
vada-co-ordinate-set-black,"Thread Embroidery, Swarovski",Chanderi,"Black, Silver",Co-ordinate Set
bhumi-co-ordinate-set-olive,"Thread Embroidery, Swarovski",Chanderi,"Uncategorized, Silver",Co-ordinate Set
keya-co-ordinate-set-olive,Thread Embroidery,Chanderi,Uncategorized,Co-ordinate Set
kiara-co-ordinate-set-black,Aari embroidery,Chanderi,Black,Co-ordinate Set
vanya-co-ordinate-set-red,Aari embroidery,Chanderi,Red,Co-ordinate Set
prisha-co-ordinate-set-red,Dori Embroidery,Chanderi,Red,Co-ordinate Set
vaneet-kurta-set-purple,"Aari embroidery, Pearl Work, Sequin Embroidery, Zari Work",Chanderi,"Purple, Silver",Kurta Set
aarashi-kurta-set-yellow,"Aari embroidery, Pearl Work, Sequin Embroidery, Zari Work",Chanderi,"Yellow, Silver",Kurta Set
aradhna-kurta-set-olive,"Zari Embroidery, Patch Work, Sequin Embroidery",Munga,Uncategorized,Kurta Set
aarti-kurta-set-red,Zari Embroidery,"Munga, Silk",Red,Kurta Set
kavya-kurta-set-blue,Aari Embroidery,"Chanderi, Silk, Munga, Banarasi, Cotton, Tissue",Blue,Kurta Set
damini-kurta-set-yellow-olive,Aari Embroidery,"Chanderi, Silk, Munga, Banarasi, Cotton, Tissue",Yellow,Kurta Set
charu-kurta-set-red,Dori Embroidery,"Chanderi, Silk, Munga, Banarasi, Cotton, Tissue",Red,Kurta Set
mahi-kurta-set-beige-ochre,Dori Embroidery,"Chanderi, Silk, Munga, Banarasi, Cotton, Tissue, Velvet",Beige,Kurta Set
gitashri-anarkali-set-beige,Dori Embroidery,"Munga, Silk, Cotton, Tissue",Beige,Anarkali Set
aarya-anarkali-set-purple-olive,Dori Embroidery,"Munga, Silk, Cotton, Tissue, Velvet",Purple,Anarkali Set
adah-kurta-set-ochre,Thread Embroidery,"Raw Silk, Cotton, Tissue",Yellow,Kurta Set
ganika-kurta-set-blue,Thread Embroidery,"Raw Silk, Cotton, Tissue",Blue,Kurta Set
mayra-anarkali-set-purple,Aari Embroidery,"Tissue, Silk, Chanderi, Cotton",Purple,Anarkali Set
kaihika-kurta-set-gold-olive,Aari Embroidery,"Tissue, Silk, Cotton",Gold,Kurta Set
archisha-short-anarkali-set-ochre,Aari Embroidery,"Raw Silk, Linen, Tissue, Silk",Yellow,Anarkali Set
viti-kurta-set-beige,Aari Embroidery,"Raw Silk, Cotton, Tissue",Beige,Kurta Set
neila-kurta-set-blue,Zardozi Embroidery,"Tissue, Silk, Banarasi, Cotton",Blue,Kurta Set
menaha-kurta-set-red-beige,Aari and zardozi embroidery,"Tissue, Silk, Linen, Cotton","Red, Beige",Kurta Set
vedanti-angrakhaa-set-olive,Zardozi Embroidery,"Raw Silk, Banarasi",Green,Angrakha Set
dharini-lehenga-set-olive-beige,Zari Embroidery,"Tissue, Silk, Cotton, Brocade",Beige,Lehenga Set
aaloka-lehenga-set-red-gold,Aari Embroidery,"Tissue, Silk, Brocade","Red, Gold",Lehenga Set
indira-saree-set-yellow,Zari Embroidery,"Tissue, Silk, Cotton, Banarasi",Yellow,Saree Set
chhaya-saree-set-olive,Aari Embroidery,"Raw Silk, Brocade",Green,Saree Set
kakoli-saree-set-gold-ochre,Dori Embroidery,"Tissue, Velvet, Chanderi, Cotton",Gold,Saree Set
jayashree-saree-set-red,Zari Embroidery,"Raw Silk, Banarasi","Red, Gold",Saree Set
manahil-co-ordinate-set-off-white,,"Mulmul, Banarasi",White,Co-ordinate Set
mahamm-co-ordinate-set-off-white,Zari Embroidery,"Chanderi, Banarasi, Organza","Gold, Silver, White",Co-ordinate Set
hania-co-ordinate-set-off-white,Applique,"Cotton, Mulmul","Gold, Silver, White",Co-ordinate Set
sana-co-ordinate-set-off-white,Thread Embroidery,"Satin, Silk, Organza",White,Co-ordinate Set
sara-co-ordinate-set-off-white,Dori Embroidery,Chanderi,White,Co-ordinate Set
shaffan-kurta-set-off-white,"Patri Work, Thread Embroidery","Mulmul, Banarasi",White,Kurta Set
shamsia-lehenga-set-green,"Zari Work, Thread Embroidery, Patri Work","Tissue, Silk, Banarasi","Green, Silver",Lehenga Set
naaz-lehenga-set-gold,"Applique, Sequin Embroidery","Tissue, Silk, Banarasi",Gold,Lehenga Set
nazma-kurta-set-yellow,"Gota Patti, Thread Embroidery","Tissue, Silk, Banarasi, Organza",Yellow,Kurta Set
jumaina-kurta-set-blue,"Gota Patti, Thread Embroidery","Tissue, Silk, Banarasi, Cotton","Blue, Silver",Kurta Set
shaizen-kurta-set-green,"Dori Embroidery, Sequin Embroidery","Tissue, Silk, Banarasi","Green, Gold",Kurta Set
naznin-kurta-set-peach,"Dori Embroidery, Sequin Embroidery","Tissue, Silk, Banarasi","Peach, Gold, Pink",Kurta Set
eliza-kurta-set-pink,"Applique, Thread Embroidery","Tissue, Silk, Banarasi","Pink, Yellow",Kurta Set
wajiha-kurta-set-peach,"Applique, Thread Embroidery","Tissue, Silk, Banarasi, Cotton",Peach,Kurta Set
maha-co-ordinate-set-off-white,,"Georgette, Silk, Banarasi","Gold, Silver, White",Co-ordinate Set
hajra-co-ordinate-set-off-white,,"Mulmul, Banarasi","Silver, White",Co-ordinate Set
nadia-co-ordinate-set-off-white,"Applique, Thread Embroidery, Zari Work","Chanderi, Cotton","Gold, Silver, White",Co-ordinate Set
maham-co-ordinate-set-off-white,Chikankari,"Chanderi, Cotton, Mulmul",White,Co-ordinate Set
saba-co-ordinate-set-off-white,Thread Embroidery,"Silk, Satin",White,Co-ordinate Set
aaima-co-ordinate-set-off-white,Thread Embroidery,"Chanderi, Cotton",White,Co-ordinate Set
janna-kurta-set-silver,"Dori Embroidery, Pearl Work, Sequin Embroidery, Dabka Work, Thread Embroidery","Silk, Tissue, Banarasi","Silver, Beige",Kurta Set
gulnar-kurta-set-pink,"Dori Embroidery, Zari Work, Thread Embroidery","Silk, Tissue, Banarasi","Pink, Yellow",Kurta Set
naba-kurta-set-peach,"Aari Embroidery, Sequin Embroidery","Silk, Tissue, Banarasi, Cotton","Peach, Blue",Kurta Set
safa-kurta-set-yellow,"Aari Embroidery, Sequin Embroidery","Silk, Tissue, Banarasi","Yellow, Gold, Beige, White",Kurta Set
zohra-kurta-set-blue,"Dori Embroidery, Pearl Work, Sequin Embroidery, Dabka Work, Thread Embroidery","Silk, Tissue, Banarasi","Blue, Silver, Peach",Kurta Set
saira-kurta-set-green,"Gara Embroidery, Zari Work, Thread Embroidery","Silk, Tissue, Banarasi",Green,Kurta Set
shayla-lehenga-set-multi-coloured,"Dori Embroidery, Zardozi Embroidery, Thread Embroidery","Silk, Tissue, Linen",Pink,Lehenga Set
hannah-lehenga-set-yellow-gold,"Applique Work, Thread Embroidery","Silk, Tissue, Banarasi","Yellow, Gold, Beige",Lehenga Set
kyda-lehenga-set-silver,"Thread Embroidery, Sequin Embroidery","Silk, Tissue, Georgette",Silver,Lehenga Set
test-product,"Applique Work, Zari Work, Thread Embroidery","Mulmul, Cotton","White, Gold, Silver",Lehenga Set
isra-kaftan-set-offwhite,Applique,Chanderi,White,Kaftan Set
isra-kaftan-set-blue,Applique,Chanderi,Blue,Kaftan Set
hanan-kurta-set-green,"Aari Embroidery, Thread Embroidery",Chanderi,Green,Kurta Set
hanan-kurta-set-beige,"Aari Embroidery, Thread Embroidery",Chanderi,Beige,Kurta Set
fairoz-kurta-set-yellow,"Dori Embroidery, Thread Embroidery",Chanderi,Yellow,Kurta Set
fairoz-kurta-set-blue,"Dori Embroidery, Thread Embroidery",Chanderi,Blue,Kurta Set
daria-kurta-set-yellow,"Cut Work, Thread Embroidery, Dori Embroidery",Chanderi,Yellow,Kurta Set
daria-kurta-set-pink,"Cut Work, Thread Embroidery, Dori Embroidery",Chanderi,Pink,Kurta Set
amal-co-ordinate-set-pink,Cut Work,Chanderi,Pink,Co-ordinate Set
amal-co-ordinate-set-offwhite,Cut Work,Chanderi,White,Co-ordinate Set
zimal-kaftan-set-yellow,Thread Embroidery,Chanderi,"Yellow, Beige",Kaftan Set
zimal-kaftan-set-green,Thread Embroidery,Chanderi,"Green, Blue",Kaftan Set
umaiza-kurta-set-pink,"Dori Embroidery, Gara Embroidery",Chanderi,Pink,Kurta Set
umaiza-kurta-set-blue,"Dori Embroidery, Gara Embroidery",Chanderi,Blue,Kurta Set
sabi-co-ordinate-set-green,Thread Embroidery,Chanderi,Green,Co-ordinate Set
sabi-co-ordinate-set-pink,Thread Embroidery,Chanderi,Pink,Co-ordinate Set
aima-kurta-set-beige,"Applique Work, Cut Work",Chanderi,Beige,Kurta Set
aima-kurta-set-offwhite,"Applique Work, Cut Work",Chanderi,White,Kurta Set
ifza-co-ordinate-set-yellow,Cut Work,Chanderi,Yellow,Co-ordinate Set
ifza-co-ordinate-set-offwhite,Cut Work,Chanderi,White,Co-ordinate Set
saanjh-co-ordinate-set-black,Gara Embroidery,Munga,Black,Co-ordinate Set
kaya-kaftan-set-blue,Zardozi Embroidery,"Silk, Crepe",Blue,Kaftan Set
vachi-trouser-top-beige,Thread Embroidery,"Raw Silk, Silk",Beige,Tunic Set
vachi-trouser-top-green,Thread Embroidery,"Raw Silk, Silk","Green, Beige",Tunic Set
dhara-anarkali-set-mustard,"Thread Embroidery, Sequin Embroidery","Silk, Crepe",Yellow,Anarkali Set
dhara-anarkali-set-green,"Thread Embroidery, Sequin Embroidery","Silk, Crepe",Green,Anarkali Set
navya-kaftan-set-blue,"Thread Embroidery, Zari Work","Tussar, Georgette, Crepe",Blue,Kaftan Set
navya-kaftan-set-beige,"Thread Embroidery, Zari Work","Tussar, Georgette, Crepe",Beige,Kaftan Set
aarunya-kurta-set-mustard,Gara Embroidery,"Tussar, Georgette, Organza",Yellow,Kurta Set
aarunya-kurta-set-wine,Gara Embroidery,"Tussar, Georgette, Organza",Purple,Kurta Set
chandra-co-ordinate-set-black,Gara Embroidery,Munga,Black,Co-ordinate Set
chandra-co-ordinate-set-blue,Gara Embroidery,Munga,Blue,Co-ordinate Set
ardita-kurta-set-mustard,Gara Embroidery,"Munga, Crepe, Organza",Yellow,Kurta Set
ardita-kurta-set-red,Gara Embroidery,"Munga, Crepe, Organza",Red,Kurta Set
shambhavi-kurta-set-green,Uncategorized,"Munga, Crepe, Silk",Green,Kurta Set
shambhavi-kurta-set-beige,Uncategorized,"Munga, Crepe, Silk",Beige,Kurta Set
kaya-kaftan-set-wine,Zardozi Embroidery,"Silk, Crepe",Purple,Kaftan Set
ina-kurta-set-black,Thread Embroidery,"Tussar, Georgette, Organza",Black,Kurta Set
ina-kurta-set-red,Thread Embroidery,"Tussar, Georgette, Organza",Red,Kurta Set
niva-kurta-set-green,"Dori Embroidery, Zari Work",Silk,Green,Kurta Set
niva-kurta-set-wine,"Dori Embroidery, Zari Work",Silk,Purple,Kurta Set
nimisha-anarkali-set-black,"Dori Embroidery, Zari Work",Munga,Black,Anarkali Set
nimisha-anarkali-set-red,"Dori Embroidery, Zari Work",Munga,Red,Anarkali Set
rishima-kaftan-set-mustard,"Uncategorized, Zari Work",Munga,Yellow,Kaftan Set
rishima-kaftan-set-wine,"Uncategorized, Zari Work",Munga,Purple,Kaftan Set
tejal-co-ordinate-set-green,"Uncategorized, Zari Work",Silk,Green,Co-ordinate Set
tejal-co-ordinate-set-blue,"Uncategorized, Zari Work",Silk,Blue,Co-ordinate Set
omysha-co-ordinate-set-black,"Uncategorized, Zari Work",Silk,Black,Co-ordinate Set
omysha-co-ordinate-set-red,Zari Work,Silk,Red,Co-ordinate Set
isha-kurta-set-black,"Zari Work, Thread Embroidery",Raw Silk,Black,Kurta Set
isha-kurta-set-mustard,"Zari Work, Thread Embroidery",Raw Silk,Yellow,Kurta Set
chetal-anarkali-set-wine,"Zari Work, Thread Embroidery","Tussar, Georgette, Silk",Purple,Anarkali Set
chetal-anarkali-set-green,"Zari Work, Thread Embroidery","Tussar, Georgette, Silk","Green, Beige",Anarkali Set
kavya-kurta-set-red,Zari Work,Silk,"Red, Beige",Kurta Set
kavya-kurta-set-beige,Zari Work,Silk,"Beige, Purple",Kurta Set
gamini-kurta-set-blue,Thread Embroidery,Silk,"Blue, Yellow",Kurta Set
gamini-kurta-set-mustard,Thread Embroidery,Silk,"Yellow, Purple",Kurta Set
bhaumi-kurta-set-beige,Thread Embroidery,"Tussar, Georgette, Silk","Beige, Blue",Kurta Set
bhaumi-kurta-set-wine,Thread Embroidery,"Tussar, Georgette, Silk","Purple, Beige",Kurta Set
yashi-kurta-set-green,Zari Work,"Raw Silk, Silk","Green, Purple",Kurta Set
yashi-kurta-set-mustard,Zari Work,"Raw Silk, Silk",Yellow,Kurta Set
amaal-saree-set-ivory,"Gara Embroidery, Swarovski","Georgette, Silk",White,Saree Set
shunum-lehenga-set-ivory,"Gara Embroidery, Sequin Embroidery, Zari Work","Raw Silk, Organza","White, Pink",Lehenga Set
rumeha-lehenga-set-blue,"Gara Embroidery, Zari Work, Sequin Embroidery, Dabka Work, Pearl Work","Raw Silk, Organza","Blue, Peach",Lehenga Set
aaina-sharara-set-green,"Gara Embroidery, Sequin Embroidery, Zari Work, Gota Patti","Georgette, Silk, Tissue, Organza","Green, Silver",Sharara Set
azalea-lehenga-set-peach-pink,"Sequin Embroidery, Pearl Work","Organza, Silk, Tulle","Peach, Pink",Lehenga Set
arzoo-saree-set-blue,"Gara Embroidery, Sequin Embroidery","Organza, Silk",Blue,Saree Set
fardaa-saree-set-yellow,Gara Embroidery,"Georgette, Silk, Organza","Yellow, Blue",Saree Set
zinnia-saree-set-ivory,"Gara Embroidery, Sequin Embroidery","Organza, Silk",White,Saree Set
rabi-saree-set-pink,"Gara Embroidery, Pearl Work, Sequin Embroidery","Georgette, Silk, Organza",Pink,Saree Set
zunira-saree-set-blue,"Gara Embroidery, Zari Work, Dabka Work, Sequin Embroidery","Georgette, Silk, Raw Silk",Blue,Saree Set
jauhara-anarkali-set-ivory,"Gara Embroidery, Zari Work, Dabka Work, Sequin Embroidery, Mukaish Work","Organza, Silk, Chiffon","White, Beige",Anarkali Set
amara-anarkali-set-green,"Gara Embroidery, Sequin Embroidery","Organza, Silk, Crepe","Green, Blue",Anarkali Set
shafaq-gharara-set-yellow,"Gara Embroidery, Dabka Work, Sequin Embroidery, Tissue","Georgette, Silk, Organza, Tissue, Silver","Yellow, Silver",Gharara Set
farozaan-kurta-set-pink,"Gara Embroidery, Zari Work, Sequin Embroidery, Tissue","Georgette, Silk, Tissue, Silver","Pink, Silver",Kurta Set
imroza-kurta-set-pink,"Gara Embroidery, Zari Work, Dabka Work, Sequin Embroidery","Organza, Silk, Crepe","Pink, White",Kurta Set
aqeeda-kurta-set-ivory,"Gara Embroidery, Zari Work, Dabka Work, Sequin Embroidery, Mukaish Work","Organza, Silk, Chiffon",White,Kurta Set
nargis-kurta-set-pink,"Gara Embroidery, Sequin Embroidery","Georgette, Silk, Organza","Pink, Green",Kurta Set
sahal-kurta-set-yellow,"Gara Embroidery, Zari Work, Sequin Embroidery","Georgette, Silk, Raw Silk, Organza",Yellow,Kurta Set
nurvi-kurta-set-yellow,"Gara Embroidery, Sequin Embroidery","Georgette, Silk",Yellow,Kurta Set
shafna-kurta-set-pink,"Gara Embroidery, Sequin Embroidery","Georgette, Silk, Crepe",Pink,Kurta Set
amani-sharara-set-blue,"Gara Embroidery, Sequin Embroidery","Organza, Silk, Georgette",Blue,Sharara Set
zuri-lehenga-set-mint-blue,"Gara Embroidery, Sequin Embroidery","Organza, Silk, Tulle",Blue,Lehenga Set
loa-anarkali-set-yellow,"Gara Embroidery, Sequin Embroidery","Organza, Silk, Georgette, Tussar",Yellow,Anarkali Set
nasmeer-kurta-set-pink,"Gara Embroidery, Sequin Embroidery","Organza, Silk, Georgette",Pink,Kurta Set
pinar-anarkali-set-blue,"Gara Embroidery, Sequin Embroidery","Georgette, Silk",Blue,Anarkali Set
vasima-kurta-set-ivory,"Gara Embroidery, Dabka Work, Sequin Embroidery","Organza, Silk","Blue, White",Kurta Set
kira-gharara-set-ivory,"Gara Embroidery, Dabka Work, Sequin Embroidery","Organza, Silk","White, Pink",Gharara Set
ranana-kurta-set-ivory,Gara Embroidery,"Georgette, Silk","White, Blue",Kurta Set
mirab-lehenga-set-ivory,"Applique Work, Gara Embroidery, Pearl Work, Zardozi Embroidery","Organza, Silk, Tulle","Pink, White",Lehenga Set
nova-kurta-set-green,"Dabka Work, Gara Embroidery, Zari Work, Sequin Embroidery","Georgette, Silk, Raw Silk",Green,Kurta Set
ayla-dress-pink,Thread Embroidery,"Georgette, Silk",Pink,Dress
ayla-dress-green,Thread Embroidery,"Georgette, Silk",Green,Dress
sanaubur-dress-blue,Thread Embroidery,"Georgette, Silk",Blue,Dress
sanaubur-dress-pink,Thread Embroidery,"Georgette, Silk",Pink,Dress
naaya-anarkali-set-yellow,Thread Embroidery,"Mulmul, Cotton",Yellow,Anarkali Set
naaya-anarkali-set-green,Thread Embroidery,"Mulmul, Cotton",Green,Anarkali Set
kinaaz-kaftan-blue,Thread Embroidery,"Georgette, Silk",Blue,Uncategorized
kinaaz-kaftan-green,Thread Embroidery,"Georgette, Silk",Green,Uncategorized
erum-anarkali-set-pink,Thread Embroidery,Cotton,Pink,Anarkali Set
erum-anarkali-set-ivory,Thread Embroidery,Cotton,White,Anarkali Set
abrish-tunic-yellow,Thread Embroidery,"Georgette, Silk",Yellow,Tunic Set
abrish-tunic-ivory,Thread Embroidery,"Georgette, Silk",White,Tunic Set
rania-anarkali-set-blue,Thread Embroidery,"Mulmul, Cotton",Blue,Anarkali Set
rania-anarkali-set-green,Thread Embroidery,"Mulmul, Cotton",Green,Anarkali Set
ruhma-kurta-set-ivory,"Pearl Work, Sequin Embroidery, Thread Embroidery","Cotton, Mulmul",White,Kurta Set
ruhma-kurta-set-pink,"Pearl Work, Sequin Embroidery, Thread Embroidery","Cotton, Mulmul",Pink,Kurta Set
nazmiya-kurta-set-yellow,Thread Embroidery,"Mulmul, Cotton",Yellow,Uncategorized
nazmiya-kurta-set-green,Thread Embroidery,"Mulmul, Cotton",Green,Kurta Set
nazaha-kurta-set-ivory,"Thread Embroidery, Scalloping, Bead Work","Georgette, Silk",White,Kurta Set
nazaha-kurta-set-yellow,"Thread Embroidery, Scalloping, Bead Work","Georgette, Silk",Yellow,Kurta Set
nora-kurta-set-ivory,"Zari Work, Thread Embroidery","Organza, Silk, Georgette",White,Kurta Set
nora-kurta-set-pink,"Zari Work, Thread Embroidery","Organza, Silk, Georgette",Pink,Kurta Set
alayna-anarkali-set-blue,"Zari Work, Thread Embroidery",Cotton,Blue,Anarkali Set
alayna-anarkali-set-green,"Zari Work, Thread Embroidery",Cotton,Green,Anarkali Set
inara-kurta-set-pink,"Dori Embroidery, Thread Embroidery, Applique, Pearl Work, Sequin Embroidery",Mulmul,Pink,Kurta Set
inara-kurta-set-blue,"Dori Embroidery, Thread Embroidery, Applique, Pearl Work, Sequin Embroidery",Mulmul,Blue,Kurta Set
seher-anarkali-set-yellow,"Dori Embroidery, Thread Embroidery, Pearl Work, Sequin Embroidery","Cotton, Mulmul",Yellow,Anarkali Set
seher-anarkali-set-ivory,"Dori Embroidery, Thread Embroidery, Pearl Work, Sequin Embroidery","Cotton, Mulmul",White,Anarkali Set
izna-trouser-top-ivory,"Zari Work, Thread Embroidery","Georgette, Silk",White,Tunic Set
izna-trouser-top-blue,"Zari Work, Thread Embroidery","Georgette, Silk",Blue,Tunic Set
duaa-kurta-set-yellow,"Aari Work, Zari Work, Thread Embroidery","Georgette, Silk, Organza",Yellow,Kurta Set
duaa-kurta-set-green,"Aari Work, Zari Work, Thread Embroidery","Georgette, Silk, Organza",Green,Kurta Set
adara-tunic-ivory,"Zari Work, Thread Embroidery","Mulmul, Cotton",White,Tunic Set
adara-tunic-yellow,"Zari Work, Thread Embroidery","Mulmul, Cotton",Yellow,Tunic Set
safiyaa-kurta-set-blue,"Zari Work, Thread Embroidery","Georgette, Silk",Blue,Kurta Set
safiyaa-kurta-set-ivory,"Zari Work, Thread Embroidery","Georgette, Silk",White,Kurta Set
nazm-kurta-set-pink,Thread Embroidery,"Mulmul, Cotton",Pink,Kurta Set
nazm-kurta-set-yellow,Embroidery,Mulmul,"Yellow, White",Kurta Set
waheeda-kurta-set-ivory,Embroidery,Cotton,White,Kurta Set
waheeda-kurta-set-green,Embroidery,Cotton,"Green, White",Kurta Set
sara-kaftan-pink,"Embroidery, Swarovski, Pearl Work",Georgette,"Pink, White",Kaftan Set
sara-kaftan-blue,"Embroidery, Swarovski, Pearl Work",Georgette,"Blue, White",Kaftan Set
noor-anarkali-set-green,"Embroidery, Swarovski",Organza,"Green, White",Kurta Set
noor-anarkali-set-ivory,"Embroidery, Swarovski",Organza,White,Anarkali Set
utsav-kuhu-kurta-set,"Zari Work, Dabka Work","Raw Silk, Georgette",Black,Kurta Set
utsav-mogra-kurta-set,"Applique, Sequin Embroidery",Raw Silk,"Blue, Yellow",Kurta Set
brinda-lehenga-set,"Zari Work, Sequin Embroidery",Organza,"Black, Gold",Lehenga Set
kanan-lehenga-set,"Applique, Sequin Embroidery","Raw Silk, Organza",Peach,Lehenga Set
soni-suit,"Zari Work, Sequin Embroidery","Raw Silk, Organza",Grey,Kurta Set
paru-suit,Zari Work,Raw Silk,Yellow,Kurta Set
radha-lehenga-set,Zari Work,"Tissue, Raw Silk, Organza","Red, Beige, Green",Lehenga Set
sayali-lehenga-set,Zari Work,"Tissue, Raw Silk, Tulle",Grey,Lehenga Set
panna-kurta-set,Zari Work,"Raw Silk, Crepe","Red, Green, Gold",Kurta Set
raina-suit,"Resham Embroidery, Pearl Work, Sequin Embroidery","Georgette, Crepe",Black,Kurta Set
pihu-anarkali-set,"Resham Embroidery, Pearl Work, Sequin Embroidery",Raw Silk,Purple,Anarkali Set
yasi-anarkali-set,Zari Work,"Silk, Organza, Crepe",Grey,Anarkali Set
minal-suit,Embroidery,"Raw Silk, Organza","Green, Peach",Kurta Set
amoli-suit,Zari Embroidery,"Raw Silk, Tulle, Crepe","Blue, Grey",Kurta Set
parthi-jacket-set,"Zari Work, Dabka Work",Raw Silk,Blue,Jacket Set
shachi-suit,Zari Work,"Raw Silk, Organza",Yellow,Kurta Set
maanvi-suit,Zardozi Embroidery,"Raw Silk, Tissue",Red,Kurta Set
kumkum-lehenga-set,Aari Work,"Banarasi Tissue, Raw Silk, Organza",Red,Lehenga Set
mehndi-lehenga-set,Zari Work,"Banarasi Tissue, Raw Silk, Organza",Green,Lehenga Set
gulabi-lehenga-set,Aari Work,Silk Organza,Pink,Lehenga Set
chandan-kurta-set,Aari Work,Silk Organza,Yellow,Kurta Set
naina-kurta-set,Aari Work,Silk Organza,"Black, White",Kurta Set
genda-lehenga-set,"Applique, Sequin Embroidery, Scalloping","Raw Silk, Organza",Yellow,Lehenga Set
suman-kurta-set,"Applique, Sequin Embroidery","Raw Silk, Silk",Grey,Kurta Set
chand-kurta-set,Zari Work,"Raw Silk, Silk","Blue, Grey",Kurta Set
kajal-kurta-set,Zari Work,"Raw Silk, Silk","Black, Green",Kurta Set
jhilmil-suit,"Zardozi Embroidery, Aari Work","Raw Silk, Silk",Red,Kurta Set
surkh-kurta-set,Zari Embroidery,"Raw Silk, Silk","Red, Grey",Kurta Set
kesar-suit,"Applique, Zari Embroidery","Raw Silk, Silk",Yellow,Kurta Set
rangbirangi-kurta-set,"Applique, Zari Embroidery","Raw Silk, Silk","Green, Yellow",Kurta Set
surmayi-kurta-set,"Applique, Zari Embroidery","Raw Silk, Silk","Grey, Red, Yellow",Kurta Set
chandra-majenta-kurta-set,"Applique Work, Thread Embroidery","Silk, Organza","Pink, Beige",Kurta Set
basanti-majenta-kurta-set,"Applique Work, Thread Embroidery, Zari Work, Gota Patti","Silk, Organza","Pink, Green",Kurta Set
bahara-majenta-kurta-set,"Zari Work, Applique Work, Thread Embroidery","Silk, Organza",Uncategorized,Kurta Set
ahila-majenta-kurta-set,"Applique Work, Zari Work","Silk, Georgette",Uncategorized,Kurta Set
mohini-dark-red-kurta-set,"Zari Work, Thread Embroidery","Silk, Organza, Crepe",Red,Kurta Set
fulki-dark-red-kurta-set,"Applique Work, Thread Embroidery","Silk, Georgette",Red,Kurta Set
fulki-dark-green-kurta-set,"Applique Work, Thread Embroidery","Silk, Georgette",Green,Kurta Set
charvi-goldenrod-kurta-set,"Applique Work, Thread Embroidery, Scalloping","Silk, Georgette",Beige,Kurta Set
charvi-deep-pink-kurta-set,"Applique Work, Thread Embroidery, Scalloping","Silk, Georgette","Pink, Blue",Kurta Set
esha-yellow-green-kurta-set,"Applique Work, Thread Embroidery, Scalloping","Silk, Organza","Yellow, Green",Kurta Set
esha-blue-kurta-set,"Applique Work, Thread Embroidery, Scalloping","Silk, Organza",Blue,Kurta Set
chadna-purple-kurta-set,"Applique Work, Thread Embroidery",Silk,Purple,Kurta Set
chadna-deep-pink-kurta-set,"Applique Work, Thread Embroidery",Silk,Pink,Kurta Set
chandra-goldenrod-kurta-set,"Applique Work, Thread Embroidery","Silk, Organza",Beige,Kurta Set
guncha-purple-kurta-set,"Applique Work, Thread Embroidery, Scalloping","Silk, Organza",Purple,Kurta Set
guncha-yellow-green-kurta-set,"Applique Work, Thread Embroidery, Scalloping","Silk, Organza","Yellow, Green",Kurta Set
phool-purple-kurta-set,"Zari Work, Applique Work, Thread Embroidery, Scalloping","Silk, Organza",Purple,Kurta Set
phool-deep-pink-kurta-set,"Zari Work, Applique Work, Thread Embroidery, Scalloping","Silk, Organza","Pink, Green",Kurta Set
anokhi-dark-red-kurta-set,"Zari Work, Applique Work, Thread Embroidery, Gota Patti, Scalloping","Silk, Organza","Red, Purple, Black",Kurta Set
anokhi-black-kurta-set,"Zari Work, Applique Work, Thread Embroidery, Gota Patti, Scalloping","Silk, Organza",Black,Kurta Set
pallavi-deep-pink-kurta-set,"Zari Work, Applique Work, Thread Embroidery, Scalloping","Silk, Organza",Pink,Kurta Set
pallavi-black-kurta-set,"Zari Work, Applique Work, Thread Embroidery, Scalloping","Silk, Organza","Black, Blue",Kurta Set
basanti-goldenrod-kurta-set,"Zari Work, Applique Work","Silk, Organza",Purple,Kurta Set
muskaan-purple-kurta-set,"Zari Work, Applique Work, Gota Patti","Silk, Organza","Pink, Purple",Kurta Set
muskaan-yellow-green-kurta-set,"Zari Work, Applique Work, Gota Patti","Silk, Organza","Blue, Yellow, Green",Kurta Set
kosha-black-kurta-set,"Applique Work, Thread Embroidery","Silk, Georgette, Organza",Black,Kurta Set
kosha-dark-red-kurta-set,"Applique Work, Thread Embroidery","Silk, Georgette, Organza",Red,Kurta Set
bahara-dark-green-kurta-set,"Zari Work, Applique Work, Thread Embroidery","Silk, Organza",Green,Kurta Set
ahila-dark-green-kurta-set,"Applique Work, Zari Work","Silk, Georgette",Green,Kurta Set
saanjh-blue-kurta-set,"Applique Work, Thread Embroidery","Silk, Georgette",Blue,Kurta Set
saanjh-black-kurta-set,"Applique Work, Thread Embroidery","Silk, Georgette",Black,Kurta Set
maushmi-goldenrod-kurta-set,"Thread Embroidery, Gota Patti","Silk, Organza","Yellow, Green",Kurta Set
maushmi-dark-green-kurta-set,"Zari Work, Thread Embroidery, Gota Patti","Silk, Organza",Green,Kurta Set
navya-yellow-green-kurta-set,"Zari Work, Applique Work, Thread Embroidery, Scalloping","Silk, Organza","Purple, Yellow, Green",Kurta Set
navya-blue-kurta-set,"Zari Work, Applique Work, Thread Embroidery, Scalloping","Silk, Organza",Blue,Kurta Set
mohini-blue-kurta-set,"Zari Work, Thread Embroidery","Silk, Crepe, Organza",Blue,Kurta Set
gazal-kurta-set,"Applique Work, Pearl Work, Sequin Embroidery",Mulmul,Uncategorized,Kurta Set
nazree-gharara-set,"Zardozi Embroidery, Sequin Embroidery","Tussar, Georgette, Tissue","Beige, White, Gold",Gharara Set
aayat-kurta-set,"Zardozi Embroidery, Sequin Embroidery","Tussar, Georgette, Organza",Uncategorized,Kurta Set
abidha-sharara-set,"Applique Work, Gota Patti, Pearl Work, Sequin Embroidery","Organza, Silk","Pink, Beige",Sharara Set
fazr-kurta-set,"Applique Work, Gota Patti, Pearl Work, Sequin Embroidery","Organza, Silk, Tissue",Uncategorized,Kurta Set
yusra-gharara-set,Zardozi Embroidery,"Tussar, Georgette, Organza",Beige,Gharara Set
nafisa-kurta-set,Thread Embroidery,"Georgette, Silk",Beige,Kurta Set
iqra-anarkali-set,Thread Embroidery,"Organza, Silk",Uncategorized,Anarkali Set
yasmeen-sharara-set,Thread Embroidery,"Organza, Tissue, Silk",Beige,Sharara Set
manhoor-kurta-set,Thread Embroidery,Tulle,Uncategorized,Kurta Set
nikhat-kurta-set,Mukaish Work,"Mulmul, Silk, Organza",Uncategorized,Kurta Set
jhelum-kurta-set,"Thread Embroidery, Gota Patti",Cotton,Uncategorized,Kurta Set
muskaan-anarkali-set,"Thread Embroidery, Gota Patti","Georgette, Silk",Uncategorized,Anarkali Set
afsa-gharara-set,Zardozi Embroidery,"Georgette, Organza, Silk, Tulle",Uncategorized,Gharara Set
gulafsha-kurta-set,Zardozi Embroidery,"Georgette, Silk, Tulle",Pink,Kurta Set
zainab-gharara-set,Zardozi Embroidery,"Georgette, Organza, Tissue, Silk","Beige, Gold, Silver",Gharara Set
shanaaz-sharara-set,"Gota Patti, Zardozi Embroidery","Georgette, Organza, Silk",Pink,Sharara Set
amyra-sharara-set,Zardozi Embroidery,Organza,Uncategorized,Sharara Set
meeza-kurta-set,Zardozi Embroidery,"Georgette, Organza, Silk",Uncategorized,Kurta Set
fatima-kurta-set,Thread Embroidery,Mulmul,Beige,Kurta Set
nura-kurta-set,Thread Embroidery,"Georgette, Silk",Pink,Kurta Set
safia-kurta-set,Thread Embroidery,Mulmul,Uncategorized,Kurta Set
farha-tunic-set,Thread Embroidery,Cotton,Beige,Tunic Set
shiza-kurta-set,Applique Work,Cotton,Uncategorized,Kurta Set
zeenat-kurta-set,Applique Work,Mulmul,Uncategorized,Kurta Set
ruh-tunic,Thread Embroidery,Cotton,Beige,Uncategorized
tanaz-kurta-set,"Thread Embroidery, Eyelet Embroidery, Pearl Work, Sequin Embroidery",Mulmul,Gold,Kurta Set
ruhi-tunic-set,"Thread Embroidery, Pearl Work, Sequin Embroidery","Mulmul, Cotton",Uncategorized,Tunic Set
maryam-kurta-set,"Thread Embroidery, Pearl Work, Sequin Embroidery",Mulmul,Gold,Kurta Set
zubeda-anarkali-set,"Thread Embroidery, Pearl Work, Sequin Embroidery, Mukaish Work",Mulmul,Beige,Anarkali Set
mehak-kurta-set,"Thread Embroidery, Dori Embroidery",Mulmul,Pink,Kurta Set
falak-kurta-set,"Thread Embroidery, Dori Embroidery, Sequin Embroidery",Mulmul,Gold,Kurta Set
afreen-tunic,Thread Embroidery,Mulmul,Uncategorized,Tunic Set
farisha-kurta-set,"Thread Embroidery, Zari Work",Mulmul,Pink,Kurta Set
amreen-anarkali-set,"Thread Embroidery, Dori Embroidery, Sequin Embroidery","Cotton, Mulmul",Beige,Anarkali Set
fiza-kurta-set,"Thread Embroidery, Dori Embroidery","Mulmul, Chiffon",Uncategorized,Kurta Set
gul-tunic,"Applique Work, Thread Embroidery",Mulmul,Uncategorized,Tunic Set
jaahan-anarkali-set,"Applique Work, Thread Embroidery, Sequin Embroidery, Mukaish Work","Cotton, Mulmul",Uncategorized,Anarkali Set
kishawar-anarkali-set,"Applique Work, Thread Embroidery, Sequin Embroidery",Mulmul,Uncategorized,Anarkali Set
nabila-tunic,"Applique Work, Thread Embroidery, Sequin Embroidery",Mulmul,Gold,Tunic Set
mehnaaz-kurta-set,"Thread Embroidery, Sequin Embroidery, Gota Patti","Mulmul, Cotton",Uncategorized,Kurta Set
naila-kurta-set,"Thread Embroidery, Sequin Embroidery","Cotton, Mulmul",Uncategorized,Kurta Set
zarah-anarkali-set,"Thread Embroidery, Sequin Embroidery","Mulmul, Cotton",Pink,Anarkali Set
iba-tunic,"Thread Embroidery, Sequin Embroidery",Mulmul,Gold,Tunic Set
abia-tunic,"Thread Embroidery, Sequin Embroidery",Mulmul,Beige,Tunic Set
aqsa-anarkali-set,"Thread Embroidery, Sequin Embroidery, Gota Patti","Cotton, Mulmul",Gold,Anarkali Set
nadira-kurta-set,Thread Embroidery,Mulmul,Uncategorized,Kurta Set
naaz-anarkali-set,Applique Work,Mulmul,Uncategorized,Anarkali Set
ghazal-kurta-set,Zardozi Embroidery,"Georgette, Tussar",Pink,Kurta Set
mysha-tunic,Applique Work,Cotton,Pink,Uncategorized
aliya-tunic,Applique Work,Mulmul,Uncategorized,Uncategorized
heer-kurta-set,Thread Embroidery,Cotton,Beige,Kurta Set
zehra-kurta-set,Thread Embroidery,Mulmul,Pink,Kurta Set
atifa-kurta-set,Thread Embroidery,Mulmul,Uncategorized,Kurta Set
faiza-kurta-set,Thread Embroidery,Cotton,Uncategorized,Kurta Set
huma-anarkali-set,Applique Work,Mulmul,Beige,Anarkali Set
samira-kurta-set,Applique Work,Mulmul,Pink,Kurta Set
misha-tunic,Thread Embroidery,Cotton,Uncategorized,Uncategorized
qirat-kurta-set,Thread Embroidery,Mulmul,Beige,Kurta Set
kiah-tunic,Thread Embroidery,Mulmul,Uncategorized,Tunic Set
tisha-tunic,Thread Embroidery,Mulmul,Beige,Uncategorized
amira-anarkali-set,Thread Embroidery,Cotton,Uncategorized,Anarkali Set
renne-tunic-set,Sequin Embroidery,Munga,Uncategorized,Tunic Set
linda-tunic-set,Swarovski,"Georgette, Silk",Uncategorized,Tunic Set
albeli-kurta-set,Thread Embroidery,"Mulmul, Organza",Pink,Kurta Set
donna-anarkali-set,"Thread Embroidery, Bead Work","Chanderi, Mulmul",Uncategorized,Anarkali Set
devika-anarkali-set,Applique Work,Mulmul,"Yellow, White",Anarkali Set
mah-liqa-a-line,Thread Embroidery,"Tussar, Georgette, Silk",Uncategorized,Kurta Set
farhana-a-line,Bead Work,"Georgette, Silk",Uncategorized,Kurta Set
gamila-dress,Thread Embroidery,Cotton,Yellow,Dress
kaashi-lehenga-set,"Dabka Work, Gota Patti, Pearl Work, Sequin Embroidery, Zardozi Embroidery",Raw Silk,Uncategorized,Lehenga Set
kali-kurta-set,"Thread Embroidery, Pearl Work, Sequin Embroidery",Cotton,Uncategorized,Kurta Set
sada-bahar-gharara-set,"Thread Embroidery, Sequin Embroidery",Cotton,Red,Gharara Set
gulachin-kurta-set,"Thread Embroidery, Pearl Work, Sequin Embroidery",Mulmul,Uncategorized,Kurta Set
sunheri-anarkali-set,"Applique Work, Zari Work, Sequin Embroidery",Mulmul,Gold,Anarkali Set
kumdani-kurta-set,"Applique Work, Zari Work, Sequin Embroidery","Mulmul, Tissue","Green, Pink",Kurta Set
nitaraa-anarkali-set,"Applique Work, Zari Work, Sequin Embroidery",Mulmul,Silver,Anarkali Set
basanti-kurta-set,"Zari Work, Thread Embroidery, Sequin Embroidery",Mulmul,Green,Kurta Set
bela-gharara-set,"Zari Work, Thread Embroidery, Sequin Embroidery","Mulmul, Organza","Yellow, Blue",Gharara Set
bhargavi-anarkali-set,"Zari Work, Thread Embroidery, Sequin Embroidery",Mulmul,Pink,Anarkali Set
ruhi-anarkali-set,"Zari Work, Thread Embroidery, Pearl Work, Sequin Embroidery",Raw Silk,Pink,Anarkali Set
phushp-anarkali-set,"Applique Work, Zari Work, Pearl Work, Sequin Embroidery",Mulmul,Yellow,Anarkali Set
gul-bahar-tunic-set,"Applique Work, Sequin Embroidery",Mulmul,Pink,Tunic Set
mogra-kurta-set,"Thread Embroidery, Sequin Embroidery","Mulmul, Organza","Green, White",Kurta Set
baghia-jumpsuit,"Thread Embroidery, Sequin Embroidery","Mulmul, Georgette","Green, White",Jumpsuit
aprajhita-kurta-set,"Applique Work, Thread Embroidery, Pearl Work, Sequin Embroidery",Mulmul,Pink,Kurta Set
magnolia-jumpsuit,Applique Work,"Georgette, Silk",Green,Jumpsuit
gudhal-tunic,Applique Work,Raw Silk,Pink,Jumpsuit
shuddhi-anarkali-set,Uncategorized,Mulmul,White,Anarkali Set
rutvi-anarkali-set,Uncategorized,"Mulmul, Organza",Pink,Anarkali Set
siya-kurta-set,Uncategorized,"Mulmul, Organza",Yellow,Kurta Set
nargis-kurta-set,Uncategorized,"Mulmul, Organza","Green, Yellow",Kurta Set
trusha-tunic,Ajrakh,Silk,"Blue, Grey",Uncategorized
shrizal-anarkali-set,Ajrakh,Raw Silk,"Red, Blue",Anarkali Set
baidehi-kurta-set,"Ajrakh, Gota Patti","Raw Silk, Mulmul","Yellow, Green",Kurta Set
revathi-tunic-set,"Ajrakh, Gota Patti, Zari Work",Silk,Green,Tunic Set
urmila-anarkali-set,"Ajrakh, Gota Patti, Zari Work",Raw Silk,"Green, Grey",Anarkali Set
neelya-anarkali-set,"Ajrakh, Gota Patti, Zari Work","Cotton, Mulmul","Blue, Yellow",Anarkali Set
tejshri-anarkali-set,Ajrakh,"Cotton, Mulmul",Blue,Anarkali Set
heemakshi-tunic,Ajrakh,Raw Silk,Red,Uncategorized
falguni-tunic,Ajrakh,Silk,"Blue, Beige",Uncategorized
sudarshini-kurta-set,Ajrakh,"Cotton, Mulmul","Red, Blue",Kurta Set
kairavi-kurta-set,Ajrakh,"Raw Silk, Silk","Yellow, Green",Kurta Set
indrani-anarkali-set,Ajrakh,Silk,"Grey, Blue, Beige, White",Anarkali Set
bhairavi-kurta-set,Ajrakh,"Silk, Raw Silk","Beige, Blue",Kurta Set
edith-sharara-set,Sequin Embroidery,"Georgette, Silk, Tulle","Green, Silver",Sharara Set
ayana-tunic-set,Thread Embroidery,"Georgette, Silk",White,Tunic Set
delilah-tunic,"Zari Work, Thread Embroidery","Georgette, Silk",Peach,Tunic Set
gardenia-kurta-set,"3D Embroidery, Thread Embroidery","Chanderi, Cotton, Organza",Blue,Kurta Set
pearl-tunic-set,Dori Embroidery,"Georgette, Mulmul, Silk, Crepe",White,Tunic Set
ruth-anarkali-set,Dori Embroidery,"Chanderi, Cotton, Tussar",Beige,Anarkali Set
clara-tunic,Thread Embroidery,"Georgette, Silk, Linen",Yellow,Kaftan Set
sarah-sharara-set,Dori Embroidery,"Tulle, Georgette, Tussar",Blue,Sharara Set
celia-tunic,Uncategorized,"Mulmul, Cotton, Chanderi","White, Purple",Tunic Set
helen-tunic-set,Uncategorized,"Organza, Silk, Tussar","Beige, Yellow",Tunic Set
kaytlyn-tunic,Thread Embroidery,"Georgette, Silk, Tussar",Blue,Tunic Set
angelina-skirt-top,Thread Embroidery,"Organza, Silk","White, Blue",Skirt & Top
voilet-dress,Bead Work,"Organza, Silk",Purple,Dress
eden-kurta-set,Thread Embroidery,"Organza, Silk, Georgette",Green,Kurta Set
cynthia-kurta-set,"Thread Embroidery, Swarovski","Chanderi, Cotton","Pink, White",Kurta Set
celine-jumpsuit,Bead Work,"Georgette, Silk",Blue,Jumpsuit
bella-anarkali-set,Thread Embroidery,Mulmul,"Beige, White",Anarkali Set
shelley-tunic,"Thread Embroidery, Sequin Embroidery","Georgette, Tussar, Organza",Beige,Tunic Set
celina-tunic,"Thread Embroidery, Zari Work","Organza, Silk",Blue,Tunic Set
amanda-kurta-set,"Dori Embroidery, Thread Embroidery","Georgette, Silk",Pink,Kurta Set
lauren-kurta-set,"Dori Embroidery, Thread Embroidery","Georgette, Silk",Green,Kurta Set
flora-tunic,"Thread Embroidery, 3D Embroidery, Dori Embroidery","Organza, Silk",Green,Tunic Set
josephine-anarkali-set,Thread Embroidery,"Chanderi, Cotton, Organza","Purple, Blue",Anarkali Set
june-anarkali-set,Thread Embroidery,"Chanderi, Georgette, Mulmul",Beige,Anarkali Set
kylie-tunic,"Thread Embroidery, Swarovski",Organza,Blue,Tunic Set
andra-tunic,Applique Work,Georgette,Yellow,Tunic Set
lilly-kurta-set,Applique Work,Organza,Yellow,Kurta Set
lovable-kurta-set,Applique Work,Chanderi,Green,Kurta Set
karla-kurta-set,Thread Embroidery,"Tussar, Georgette",Green,Kurta Set
charlotte-anarkali-set,Thread Embroidery,"Chanderi, Mulmul, Cotton",Blue,Anarkali Set
sandra-jumpsuit,"Sequin Embroidery, Pearl Work",Georgette,Blue,Jumpsuit
leaden-gharara-set,"Sequin Embroidery, Pearl Work","Georgette, Organza",Green,Gharara Set
vine-kurta-set,"Thread Embroidery, Bead Work",Munga,Yellow,Kurta Set
blossoms-tunic-set,"Thread Embroidery, Bead Work","Organza, Tussar",Pink,Tunic Set
karol-tunic,"Thread Embroidery, Bead Work",Organza,Green,Uncategorized
karen-gharara-set,"Pearl Work, Thread Embroidery, Swarovski","Georgette, Organza",Yellow,Gharara Set
lisa-tunic,Thread Embroidery,Georgette,Purple,Uncategorized
jennifer-kurta-set,Thread Embroidery,"Tussar, Georgette",Pink,Kurta Set
luna-kurta-set,Thread Embroidery,"Chanderi, Cotton, Organza",Blue,Kurta Set
iris-kurta-set,Swarovski,Georgette,Purple,Kurta Set
taylor-tunic,Swarovski,"Georgette, Organza",Blue,Tunic Set
clovia-tunic,"Applique Work, Thread Embroidery, Pearl Work",Munga,Beige,Tunic Set
bonne-kurta-set,"Applique Work, Thread Embroidery, Pearl Work, Sequin Embroidery","Tussar, Georgette, Mulmul",Blue,Kurta Set
rosemary-kurta-set,Sequin Embroidery,"Tussar, Georgette",Blue,Kurta Set
hezel-tunic-set,Sequin Embroidery,"Tussar, Georgette",Pink,Tunic Set
sara-skirt-top,"Swarovski, Sequin Embroidery","Silk, Organza",Blue,Skirt & Top
bobbie-tunic,Applique Work,Mulmul,Yellow,Uncategorized
jully-kurta-set,"Applique Work, Bead Work","Tussar, Georgette",Purple,Kurta Set
emilly-tunic-set,Applique Work,Mulmul,Blue,Tunic Set
ella-kurta-set,"Thread Embroidery, Bead Work","Tussar, Georgette, Organza",Pink,Kurta Set
myra-tunic,Thread Embroidery,Chanderi,Green,Uncategorized
zoe-tunic,Applique Work,"Silk, Organza",Blue,Uncategorized
ava-anarkali-set,Applique Work,"Mulmul, Organza",Yellow,Anarkali Set
florence-kurta-set,Applique Work,"Mulmul, Organza",Beige,Kurta Set
pakhi-kurta-set,"Gota Patti, Pearl Work, Zardozi Embroidery, Sequin Embroidery","Silk, Tussar",Uncategorized,Kurta Set
kuhu-kurta-set,"Banarasi, Thread Embroidery",Cotton,Yellow,Kurta Set
tama-kurta-set,Thread Embroidery,"Silk, Tussar",Black,Kurta Set
yalina-tunic-set,Thread Embroidery,"Silk, Tussar, Georgette",Uncategorized,Tunic Set
ismat-ara-kurta-set,Zardozi Embroidery,"Silk, Tussar, Georgette",Uncategorized,Kurta Set
fakhrun-nisa-gharara-set,"Zardozi Embroidery, Thread Embroidery","Silk, Tussar, Raw Silk, Tulle",Uncategorized,Gharara Set
shafna-anarkali-set,"Zardozi Embroidery, Thread Embroidery","Silk, Tussar",Uncategorized,Anarkali Set
amrin-kurta-set,Zardozi Embroidery,"Silk, Tussar, Georgette",Uncategorized,Kurta Set
parizad-lehenga-set,"Zardozi Embroidery, Applique Work","Raw Silk, Tulle",Uncategorized,Lehenga Set
samara-anarkali-set,Zardozi Embroidery,"Raw Silk, Georgette, Velvet, Tussar",Uncategorized,Anarkali Set
parigul-kurta-set,Zardozi Embroidery,"Raw Silk, Georgette",Green,Kurta Set
taskeen-kurta-set,Applique Work,"Silk, Tulle",Uncategorized,Kurta Set
ala-rasi-gharara-set,"Applique Work, Gota Patti","Raw Silk, Georgette, Organza, Tussar",Uncategorized,Gharara Set
rozhan-lehenga-set,Zardozi Embroidery,"Raw Silk, Organza",Uncategorized,Lehenga Set
firdaus-kurta-set,Applique Work,"Tussar Silk, Georgette, Organza",Uncategorized,Kurta Set
misha-gharara-set,"Applique Work, Mukaish Work","Tussar Silk, Georgette, Tulle",Uncategorized,Gharara Set
ara-kurta-set,Zardozi Embroidery,"Tussar Silk, Georgette, Tulle",Uncategorized,Kurta Set
gauhar-anarkali-set,"Zardozi Embroidery, Gota Patti","Cotton, Silk",Gold,Anarkali Set
aatisha-anarkali-set,Zardozi Embroidery,"Tussar Silk, Georgette",Gold,Anarkali Set
meski-anarkali-set,"Zardozi Embroidery, Gota Patti, Zari Work","Tussar Silk, Georgette",Gold,Anarkali Set
mahshar-anarkali-set,Thread Embroidery,"Tussar Silk, Georgette, Silk",Gold,Anarkali Set
nudrat-jumpsuit,Applique Work,Cotton,Uncategorized,Jumpsuit
shazma-kurta-set,"Applique Work, Thread Embroidery","Tussar Silk, Georgette, Tulle",Uncategorized,Kurta Set
kulsum-kurta-set,Thread Embroidery,"Tussar Silk, Cotton, Georgette",Uncategorized,Kurta Set
swiyyah-anarkali-set,Thread Embroidery,"Tussar Silk, Cotton",Uncategorized,Anarkali Set
gul-ilzar-kurta-set,Thread Embroidery,"Cotton, Organza",Black,Kurta Set
shinat-kurta-set,Thread Embroidery,"Tussar Silk, Georgette",Uncategorized,Kurta Set
kaureen-tunic,Thread Embroidery,"Tussar Silk, Georgette",Green,Tunic Set
nuwwar-anarkali-set,"Thread Embroidery, Cut Work","Cotton, Silk",White,Anarkali Set
aalin-tunic,"Applique Work, Thread Embroidery","Tussar, Georgette, Silk",Black,Uncategorized
maruff-tunic,Thread Embroidery,"Tussar, Silk, Georgette",Uncategorized,Tunic Set
nazveen-anarkali-set,Thread Embroidery,"Tussar, Silk",Uncategorized,Anarkali Set
farnaaz-tunic-set,Thread Embroidery,"Tussar, Georgette",Grey,Tunic Set
zaroob-tunic-set,"Thread Embroidery, Cut Work","Raw Silk, Tussar, Georgette",Uncategorized,Jacket Set
fayha-kurta-set,Thread Embroidery,"Tussar, Silk",Uncategorized,Kurta Set
zahab-anarkali-set,Thread Embroidery,"Raw Silk, Tulle, Banarasi",Uncategorized,Anarkali Set
shumaylah-anarkali-set,Dori Embroidery,Cotton,Uncategorized,Anarkali Set
zyva-kurta-set,Dori Embroidery,"Tussar, Silk",Uncategorized,Kurta Set
afshan-tunic,Dori Embroidery,"Tussar, Silk",Uncategorized,Uncategorized
guleen-anarkali-set,Thread Embroidery,"Tussar, Silk, Cotton",Uncategorized,Anarkali Set
y-a-l-i-n-a-tunic-set,Thread Embroidery,"Tussar, Silk",Uncategorized,Tunic Set
ruwa-kurta-set,Thread Embroidery,Raw Silk,Uncategorized,Kurta Set
masakali-kurta-set,Thread Embroidery,Tulle,Uncategorized,Kurta Set
aana-jumpsuit,Thread Embroidery,"Tussar, Silk",Black,Jumpsuit
tashreeh-anarkali-set,Dori Work,"Tussar, Silk",White,Anarkali Set
suri-dress,Thread Embroidery,"Tussar, Silk",Green,Dress
tarzia-kurta-set,"Cut Work, Thread Embroidery","Tussar, Silk",Grey,Kurta Set
gulnaaz-tunic,Thread Embroidery,"Tussar, Silk",Uncategorized,Tunic Set
mahroo-anarkali-set,Thread Embroidery,"Tussar, Silk",Grey,Anarkali Set
shirin-kurta-set,Thread Embroidery,Tussar Silk,Uncategorized,Kurta Set
golaleh-kurta-set,Thread Embroidery,Tussar Silk,Uncategorized,Kurta Set
sohi-anarkali-set,Thread Embroidery,Tussar Silk,Uncategorized,Anarkali Set
bousini-tunic,Thread Embroidery,Tussar Silk,Black,Tunic Set
omera-anarkali-set,"Thread Embroidery, Gota Patti",Tussar Silk,Uncategorized,Anarkali Set
mahya-kurta-set,Aari Work,Tussar Silk,Uncategorized,Kurta Set
qara-kurta-set,Aari Work,Tussar Silk,Uncategorized,Kurta Set
zuni-dress,Thread Embroidery,Tussar Silk,Grey,Dress
minou-tunic,Cut Work,Tussar Silk,White,Tunic Set
kiana-kurta-set,Thread Embroidery,Tussar Silk,Uncategorized,Kurta Set
maneli-anarkali-set,Aari Work,Tussar Silk,Green,Anarkali Set
maliih-anarkali-set,Aari Work,Cotton,White,Anarkali Set
daisha-anarkali-set,Thread Embroidery,Tussar Silk,White,Anarkali Set
farheen-tunic,Thread Embroidery,Tussar Silk,Uncategorized,Tunic Set
zainab-kurta-set,Thread Embroidery,Tussar Silk,Uncategorized,Kurta Set
abeera-jumpsuit,Thread Embroidery,Tussar Silk,Black,Jumpsuit
rahele-tunic,Thread Embroidery,Tussar Silk,Black,Tunic Set
veeda-kurta-set,Thread Embroidery,Tussar Silk,Grey,Kurta Set
lale-kurta-set,Thread Embroidery,"Tussar Silk, Organza",Uncategorized,Kurta Set
laela-anarkali-set,Thread Embroidery,Tussar Silk,Black,Anarkali Set
nehiza-kurta-set,Thread Embroidery,"Tussar, Georgette, Silk, Tulle",Uncategorized,Kurta Set
zuha-kurta-set,Thread Embroidery,"Cotton, Silk",Uncategorized,Kurta Set
nasrine-tunic,Thread Embroidery,"Cotton, Silk",White,Uncategorized
gulberg-anarkali-set,Thread Embroidery,"Tussar, Silk",Green,Anarkali Set
farva-anarkali-set,Thread Embroidery,"Tussar, Silk",Uncategorized,Anarkali Set
sadiya-tunic,Thread Embroidery,"Tussar, Georgette, Silk",Grey,Tunic Set
zaina-kurta-set,Thread Embroidery,"Tussar, Georgette, Silk",Uncategorized,Kurta Set
marzhan-anarkali-set,Dori Work,"Raw Silk, Cotton, Silk",Uncategorized,Anarkali Set
mehrin-tunic,Dori Work,"Tussar, Georgette, Silk",Green,Uncategorized
iffah-kurta-set,"Dori Work, Thread Embroidery","Tussar, Georgette, Silk",Uncategorized,Kurta Set
shahmir-anarkali-set,"Dori Work, Thread Embroidery","Tussar, Georgette, Silk",Uncategorized,Anarkali Set
paraisa-kurta-set,Thread Embroidery,"Cotton, Silk",Uncategorized,Kurta Set
pegah-tunic,Thread Embroidery,"Tussar, Georgette, Silk",White,Uncategorized
zeba-anarkali-set,Thread Embroidery,"Tussar, Georgette, Silk",Uncategorized,Anarkali Set
mehreen-anarkali-set,Zardozi Embroidery,"Tussar, Silk, Tulle, Velvet",Uncategorized,Anarkali Set
sumaiya-kurta-set,"Zardozi Embroidery, Applique Work","Tussar, Georgette, Silk, Banarasi",Uncategorized,Kurta Set
aroosa-lehenga-set,Zardozi Embroidery,"Raw Silk, Tulle",Uncategorized,Lehenga Set
nazgul-gharara-set,Zardozi Embroidery,"Tussar, Georgette, Silk, Tulle",Uncategorized,Gharara Set
majedah-anarkali-set,"Zardozi Embroidery, Applique Work","Raw Silk, Tulle",Uncategorized,Anarkali Set
naaz-lehenga-set,"Zardozi Embroidery, Dori Embroidery, Applique Work","Raw Silk, Organza, Silk",Uncategorized,Lehenga Set
zarafhan-kurta-set,Zardozi Embroidery,Cotton,White,Kurta Set
eaheh-gharara-set,Zardozi Embroidery,"Tussar, Silk, Georgette, Organza",Uncategorized,Gharara Set
sanaz-anarkali-set,Zardozi Embroidery,"Tussar, Silk, Georgette, Tulle",Uncategorized,Anarkali Set
farideh-anarkali-set,Zardozi Embroidery,"Raw Silk, Georgette, Organza",Uncategorized,Anarkali Set
narmin-kurta-set,Zardozi Embroidery,"Raw Silk, Georgette, Tulle",Uncategorized,Kurta Set
jahan-tunic-set,Zardozi Embroidery,"Raw Silk, Georgette",Uncategorized,Tunic Set
fidda-kurta-set,Zardozi Embroidery,"Cotton, Tulle",Uncategorized,Kurta Set
nazveen-lehenga-set,Zardozi Embroidery,"Raw Silk, Organza",Uncategorized,Lehenga Set
afshaneh-kurta-set,Zardozi Embroidery,"Tussar, Silk, Georgette, Tulle",Uncategorized,Kurta Set
fereena-anarkali-set,Zardozi Embroidery,"Tussar, Silk",Green,Anarkali Set
bano-lehenga-set,Zardozi Embroidery,"Raw Silk, Organza, Tulle",Uncategorized,Lehenga Set
laiba-saree,Thread Embroidery,"Banarasi, Georgette, Raw Silk, Tussar",Uncategorized,Saree Set
muazzaz-saree,Zardozi Embroidery,"Tussar, Silk, Raw Silk",Black,Saree Set
zonera-saree,Zardozi Embroidery,"Tussar, Silk, Georgette, Raw Silk",Black,Saree Set
ansa-saree,"Zardozi Embroidery, Applique Work","Silk, Georgette, Raw Silk",White,Saree Set
bahira-saree,"Zardozi Embroidery, Mukaish Work, Applique Work","Tulle, Raw Silk",White,Saree Set
marget-saree,"Zardozi Embroidery, Applique Work","Silk, Georgette, Raw Silk",White,Saree Set
naghmah-saree,Zardozi Embroidery,"Silk, Georgette, Raw Silk",Green,Saree Set
naazneen-saree,Zardozi Embroidery,"Silk, Georgette, Raw Silk",Black,Saree Set
jahanara-anarkali-set,"Thread Embroidery, Zari Work",Cotton,Uncategorized,Anarkali Set
furozan-tunic-set,Applique Work,Cotton,Uncategorized,Tunic Set
mohwish-tunic-set,Applique Work,Cotton,Uncategorized,Tunic Set
paisley-kurta-set,Dori Work,Cotton,Uncategorized,Kurta Set
kashida-jumpsuit,Applique Work,Linen,Uncategorized,Jumpsuit
hushaima-anarkali-set,Applique Work,Cotton,Uncategorized,Anarkali Set
daania-tunic,Applique Work,"Cotton, Jute",Uncategorized,Tunic Set
nisreen-anarkali-set,Thread Embroidery,Cotton,Uncategorized,Anarkali Set
sharleez-kurta-set,Thread Embroidery,"Cotton, Organza, Silk",Uncategorized,Kurta Set
zuhur-tunic,Thread Embroidery,Cotton,Uncategorized,Tunic Set
safun-anarkali-set,Thread Embroidery,Cotton,Uncategorized,Anarkali Set
azmina-kurta-set,Thread Embroidery,Cotton,Uncategorized,Kurta Set
zahoor-tunic,Dori Work,Linen,Uncategorized,Uncategorized
ruhab-tunic-set,Dori Work,Cotton,Uncategorized,Tunic Set
adeeba-tunic,Cut Work,Linen,Uncategorized,Tunic Set
shiya-tunic,Cut Work,Linen,Uncategorized,Uncategorized
sanaz-kurta-set,Cut Work,Linen,Uncategorized,Kurta Set
shyna-kurta-set,Cut Work,Cotton,Uncategorized,Kurta Set
sifa-tunic-set,Thread Embroidery,Cotton,Uncategorized,Tunic Set
karimah-kurta-set,Thread Embroidery,Cotton,Uncategorized,Kurta Set
ubah-tunic-set,Thread Embroidery,Linen,Uncategorized,Tunic Set
ersheen-saree,Applique Work,Linen,Uncategorized,Saree Set
ada-saree,Sequin Embroidery,Tulle,Uncategorized,Saree Set
kowaish-saree,Bead Work,"Organza, Silk",Uncategorized,Saree Set
nohreen-sharara-set,Thread Embroidery,Raw Silk,Uncategorized,Sharara Set
gule-rana-gharara-set,Bead Work,"Organza, Silk, Tulle",Uncategorized,Gharara Set
rajeeyah-anarkali-set,"Thread Embroidery, Zari Work, Pearl Work, Sequin Embroidery",Linen,Uncategorized,Anarkali Set
maahnoor-lehenga-set,"Thread Embroidery, Zari Work","Organza, Silk",Uncategorized,Lehenga Set
fakeehah-jumpsuit,"Pearl Work, Bead Work","Georgette, Silk",Uncategorized,Jumpsuit
chandani-kurta-set,Applique Work,"Organza, Silk, Tulle",Uncategorized,Kurta Set
benazir-lehenga-set,"Applique Work, Zari Work","Raw Silk, Tulle",Uncategorized,Lehenga Set
azzahra-anarkali-set,"Thread Embroidery, Zari Work",Cotton,Green,Anarkali Set
aasia-kurta-set,"Thread Embroidery, Zari Work",Linen,"Blue, White",Kurta Set
dina-tunic,"Thread Embroidery, Zari Work",Linen,"Yellow, White",Tunic Set
forum-tunic,Thread Embroidery,Linen,White,Uncategorized
riza-kurta-set,Thread Embroidery,Linen,Yellow,Kurta Set
aini-kurta-set,Thread Embroidery,Cotton,Pink,Kurta Set
basimah-tunic-set,Thread Embroidery,Linen,"Pink, White",Tunic Set
yara-anarkali-set,Thread Embroidery,Linen,Grey,Anarkali Set
palakasi-kurta-set,Thread Embroidery,Cotton,Uncategorized,Kurta Set
yasna-kurta-set,Thread Embroidery,Linen,Blue,Kurta Set
pariyat-tunic,Thread Embroidery,Cotton,Green,Tunic Set
zahra-anarkali-set,Thread Embroidery,Cotton,Yellow,Anarkali Set
safaa-dress,Dori Work,Linen,White,Dress
majidah-kurta-set,Dori Work,Linen,Pink,Kurta Set
saffiya-kurta-set,Dori Work,Linen,Blue,Kurta Set
bahameen-kurta-set,Thread Embroidery,Linen,"Grey, Yellow",Kurta Set
aazeen-dress,Thread Embroidery,Cotton,Green,Dress
daneen-anarkali-set,Thread Embroidery,Cotton,White,Anarkali Set
basheera-tunic,Thread Embroidery,Linen,Grey,Uncategorized
rua-jumpsuit,Thread Embroidery,Linen,Uncategorized,Jumpsuit
posh-kurta-set,Thread Embroidery,Linen,White,Kurta Set
rimsha-saree,"Applique Work, Zardoz","Organza, Silk",Grey,Saree Set
fakihrah-saree,Zardoz,Cotton,White,Saree Set
qirat-saree,Zardoz,Organza,"Green, White",Saree Set
nazneen-kurta-set,Zardoz,Linen,White,Kurta Set
aairah-kurta-set,Zardoz,"Organza, Silk",Peach,Kurta Set
namra-gharara-set,Zardoz,"Linen, Banarasi","Blue, Pink",Gharara Set
sonth-sharara-set,Applique Work,"Linen, Organza, Tissue",Pink,Sharara Set
kunza-anarkali-set,Applique Work,"Organza, Silk",Grey,Anarkali Set
hoor-skirt-top,Thread Embroidery,"Organza, Satin, Silk","Yellow, White",Skirt & Top
sahiba-lehenga-set,"Zardozi Embroidery, Zari Work, Gota Patti, Thread Embroidery","Silk, Organza, Tissue",Uncategorized,Lehenga Set
hannah-anarkali-set,Thread Embroidery,"Cotton, Jute, Linen",Grey,Anarkali Set
sahina-sharara-set,"Thread Embroidery, Zari Work","Linen, Cotton, Tulle",White,Sharara Set
raima-kurta-set,"Dori Work, Thread Embroidery","Linen, Tulle",White,Kurta Set
gulrez-tunic,"Dori Work, Thread Embroidery",Linen,Pink,Uncategorized
laiha-anarkali-set,"Dori Work, Thread Embroidery","Cotton, Tulle",Yellow,Anarkali Set
eliza-kurta-set,"Zari Work, Thread Embroidery","Cotton, Tulle",Pink,Kurta Set
kalila-tunic,"Zari Work, Thread Embroidery",Cotton,Yellow,Uncategorized
inaya-anarkali-set,"Zari Work, Thread Embroidery","Cotton, Tulle",Green,Anarkali Set
shaza-tunic-set,Thread Embroidery,Linen,White,Tunic Set
ushna-kurta-set,Thread Embroidery,"Cotton, Tulle",Yellow,Kurta Set
sheena-anarkali-set,"Zari Work, Thread Embroidery","Cotton, Tulle",Green,Anarkali Set
zuha-tunic-set,"Zari Work, Thread Embroidery, Sequin Embroidery",Linen,Blue,Tunic Set
ramisa-anarkali-set,"Zari Work, Thread Embroidery","Cotton, Tulle",White,Anarkali Set
lubina-tunic,Thread Embroidery,"Cotton, Silk",Green,Uncategorized
izna-kurta-set,Thread Embroidery,"Cotton, Jute, Tulle",Grey,Kurta Set
pouneh-jumpsuit,Thread Embroidery,Linen,Blue,Jumpsuit
fizza-anarkali-set,Thread Embroidery,"Linen, Tulle",White,Anarkali Set
asin-tunic,"Zari Work, Thread Embroidery","Silk, Organza",Grey,Tunic Set
saleena-anarkali-set,"Zari Work, Thread Embroidery, Applique Work","Cotton, Crepe, Tulle",Pink,Anarkali Set
juhi-saree,Zardozi Embroidery,"Georgette, Raw Silk",Pink,Saree Set
faryal-saree,"Zardozi Embroidery, Gota Patti","Georgette, Organza, Raw Silk",Grey,Saree Set
naveda-saree,Zardozi Embroidery,Cotton,"Yellow, White",Saree Set
nura-anarkali-set,Zardozi Embroidery,"Organza, Tulle",White,Anarkali Set
banaah-anarkali-set,Zardozi Embroidery,"Cotton, Tulle",Blue,Anarkali Set
qamara-kurta-set,Zardozi Embroidery,Georgette,Green,Kurta Set
zaina-sharara-set,Zardozi Embroidery,Organza,Grey,Sharara Set
maida-skirt-top,Zardozi Embroidery,"Linen, Organza",White,Skirt & Top
somaya-sharara-set,"Zardozi Embroidery, Zari Work",Cotton,Yellow,Sharara Set
zaniah-sharara-set,"Zardozi Embroidery, Zari Work","Organza, Tulle",Pink,Sharara Set
ranya-lehenga-set,"Zardozi Embroidery, Gota Patti, Applique Work","Organza, Tulle",Pink,Lehenga Set
deeba-kurta-set,"Thread Embroidery, Zari Work",Silk,Blue,Kurta Set
anandita-anarkali-set,"Thread Embroidery, Zari Work",Mulmul,Red,Anarkali Set
asmi-kurta-set,"Thread Embroidery, Zari Work",Silk,"Green, Beige",Kurta Set
kaina-tunic,"Thread Embroidery, Zari Work",Silk,Pink,Tunic Set
haritha-anarkali-set,Banarasi,Cotton,"Green, Red",Anarkali Set
aswika-kurta-set,Dori Embroidery,Silk,Pink,Kurta Set
awani-tunic,Dori Embroidery,Silk,Beige,Tunic Set
dyathi-kurta-set,Dori Embroidery,Mulmul,"Yellow, Beige",Kurta Set
drisana-tunic,Thread Embroidery,Silk,Red,Tunic Set
bhupali-kurta-set,Thread Embroidery,Mulmul,Black,Kurta Set
dakini-anarkali-set,Thread Embroidery,Mulmul,Blue,Anarkali Set
mitali-tunic,Zari Work,Mulmul,Black,Uncategorized
raagini-gharara-set,Zari Work,Cotton,Yellow,Gharara Set
amodini-tunic,Zari Work,Mulmul,Beige,Tunic Set
suvarna-kurta-set,Zari Work,Mulmul,Red,Kurta Set
charvi-tunic,Thread Embroidery,Mulmul,Blue,Uncategorized
kumuda-kurta-set,Thread Embroidery,Tussar Silk,Yellow,Kurta Set
anamitra-kurta-set,Thread Embroidery,Mulmul,Yellow,Kurta Set
annan-kurta-set,Kasab,Mulmul,Uncategorized,Kurta Set
chandana-kurta-set,Kasab,Cotton,Uncategorized,Kurta Set
amrapali-anarkali-set,Kasab,Tussar Silk,"Green, Beige",Anarkali Set
kajri-saree,Zardozi Embroidery,Raw Silk,Black,Saree Set
purnima-lehenga-set,Banarasi,Tissue,Pink,Lehenga Set
ayati-kurta-set,Zardozi Embroidery,Tussar Silk,Blue,Kurta Set
nandini-gharara-set,Zardozi Embroidery,Silk,Beige,Gharara Set
manjari-lehenga-set,Banarasi,Uncategorized,Uncategorized,Lehenga Set
paawani-kurta-set,Zardozi Embroidery,Silk,Uncategorized,Kurta Set
kashvi-anarkali-set,Zardozi Embroidery,Tussar Silk,Uncategorized,Anarkali Set
bhumi-anarkali-set,"Zardozi Embroidery, Gota Patti",Raw Silk,Uncategorized,Anarkali Set
amala-kurta-set,Zardozi Embroidery,"Silk, Organza",Uncategorized,Kurta Set
anamitra-lehenga-set,Zari Work,"Banarasi, Tissue, Cotton, Organza",White,Lehenga Set
kusumina-kurta-set,Zardozi Embroidery,"Tussar, Silk, Banarasi",Uncategorized,Kurta Set
neelima-anarkali-set,"Gota Patti, Zardozi Embroidery","Mulmul, Georgette",Uncategorized,Anarkali Set
bodhi-anarkali-set,"Applique Work, Dori Embroidery",Mulmul,Beige,Anarkali Set
ishira-tunic,Thread Embroidery,"Tussar, Silk",Red,Uncategorized
kanchi-tunic,Thread Embroidery,Cotton,Beige,Uncategorized
keer-anarkali-set,Thread Embroidery,"Tussar, Silk",Red,Anarkali Set
nitara-anarkali-set,"Zari Work, Thread Embroidery",Mulmul,Yellow,Anarkali Set
irika-tunic,"Zari Work, Thread Embroidery",Cotton,"Green, Beige",Uncategorized
dhuni-sharara-set,"Zari Work, Thread Embroidery","Tussar, Silk",Blue,Sharara Set
mili-kurta-set,Thread Embroidery,"Cotton, Banarasi",Blue,Kurta Set
sini-anarkali-set,"Applique Work, Thread Embroidery","Tussar, Silk",Red,Anarkali Set
aheli-anarkali-set,"Applique Work, Thread Embroidery",Cotton,Green,Anarkali Set
navini-tunic,"Applique Work, Thread Embroidery",Cotton,Black,Uncategorized
edha-kurta-set,"Applique Work, Thread Embroidery",Cotton,Pink,Kurta Set
malak-anarkali-set,Thread Embroidery,Cotton,Pink,Anarkali Set
misri-tunic,Thread Embroidery,Cotton,Beige,Uncategorized
taani-saree,"Zardozi Embroidery, Thread Embroidery","Silk, Organza, Kora",Beige,Saree Set
osha-saree,"Pearl Work, Zardozi Embroidery, Zari Work, Sequin Embroidery","Georgette, Silk, Banarasi","Yellow, Beige, Gold",Saree Set
para-saree,Zardozi Embroidery,"Mulmul, Cotton",Black,Saree Set
vaari-saree,Gota Patti,"Tissue, Silk, Banarasi","Beige, Black",Saree Set
jhalak-kurta-set,"Zardozi Embroidery, Thread Embroidery",Raw Silk,Blue,Kurta Set
shonee-anarkali-set,"Zardozi Embroidery, Thread Embroidery","Silk, Tussar","Pink, Yellow",Anarkali Set
jalsa-anarkali-set,Zardozi Embroidery,Mulmul,Black,Anarkali Set
hemal-kurta-set,Zardozi Embroidery,Raw Silk,Yellow,Kurta Set
kyra-anarkali-set,Thread Embroidery,"Organza, Silk","Beige, Black",Anarkali Set
paro-lehenga-set,Zari Work,"Munga, Tussar","Gold, Red, Beige",Lehenga Set
josha-lehenga-set,"Banarasi, Zardozi Embroidery",Banarasi,"Blue, Beige",Lehenga Set
lohita-kurta-set,"Gota Patti, Zardozi Embroidery",Cotton,"Red, Beige",Kurta Set
kosha-sharara-set,"Gota Patti, Zardozi Embroidery","Cotton, Organza",Green,Sharara Set
sara-anarkali-set,"Zardozi Embroidery, Dori Embroidery, Zari Work",Mulmul,Red,Anarkali Set
heer-lehenga-set,"Zardozi Embroidery, Dori Embroidery, Zari Work","Raw Silk, Organza",Gold,Lehenga Set
badra-anarkali-set,"Zardozi Embroidery, Dabka Work, Sequin Embroidery",Cotton,Beige,Anarkali Set
sampa-sharara-set,"Thread Embroidery, Zari Work","Silk, Tussar","Pink, Beige",Sharara Set
jhilmil-skirt-top,"Zardozi Embroidery, Dabka Work, Bead Work, Sequin Embroidery",Banarasi,Green,Skirt & Top
mahi-kurta-set,"Thread Embroidery, Zari Work","Silk, Tussar",Yellow,Kurta Set
mishita-anarkali-set,Thread Embroidery,Cotton,Green,Anarkali Set
hejal-anarkali-set,"Thread Embroidery, Zari Work",Cotton,Pink,Anarkali Set
falisha-anarkali-set,"Thread Embroidery, Zari Work","Cotton, Organza, Silk",Beige,Anarkali Set
anmi-kurta-set,Thread Embroidery,Tussar Silk,Uncategorized,Kurta Set
aaravi-kurta-set,"Thread Embroidery, Zari Work",Tussar Silk,Black,Kurta Set
harrah-kurta-set,"Thread Embroidery, Zari Work","Mulmul, Cotton",Red,Kurta Set
kautik-kurta-set,"Thread Embroidery, Zari Work",Cotton,Beige,Kurta Set
kavin-anarkali-set,"Thread Embroidery, Zari Work",Mulmul,Blue,Anarkali Set
raanu-anarkali-set,"Thread Embroidery, Zari Work",Mulmul,Yellow,Anarkali Set
nili-anarkali-set,"Thread Embroidery, Zari Work","Mulmul, Cotton",Blue,Anarkali Set
paneri-anarkali-set,"Thread Embroidery, Zari Work","Mulmul, Cotton",Red,Anarkali Set
kiyara-tunic,"Thread Embroidery, Zari Work","Mulmul, Cotton",Red,Uncategorized
eeha-tunic,"Thread Embroidery, Zari Work","Mulmul, Cotton",Blue,Uncategorized
hiranya-tunic,"Thread Embroidery, Zari Work",Cotton,Beige,Tunic Set
aashi-tunic,"Thread Embroidery, Zari Work","Mulmul, Cotton",Pink,Uncategorized
hetal-tunic,"Thread Embroidery, Zari Work","Mulmul, Cotton",Yellow,Uncategorized
eti-tunic,"Thread Embroidery, Gota Patti",Tussar Silk,Black,Uncategorized
sware-saree,Zardozi Embroidery,"Georgette, Silk",Pink,Saree Set
bhargavi-saree,Zardozi Embroidery,"Georgette, Silk",Black,Saree Set
kaina-lehenga-set,"Applique Work, Zari Work, Gota Patti, Banarasi",Banarasi,"Yellow, Beige",Lehenga Set
chandrabha-anarkali-set,"Zardozi Embroidery, Dori Embroidery, Zari Work",Cotton,Beige,Anarkali Set
anaya-anarkali-set,"Zardozi Embroidery, Zari Work, Cut Work",Tussar Silk,Black,Anarkali Set
alomika-gharara-set,"Zardozi Embroidery, Dori Embroidery, Zari Work","Organza, Silk","Blue, Beige",Gharara Set
ila-kurta-set,Zardozi Embroidery,"Cotton, Organza",Beige,Kurta Set
anila-anarkali-set,Zardozi Embroidery,"Tussar, Cotton",Beige,Anarkali Set
rati-kurta-set,Zardozi Embroidery,"Silk, Organza, Tussar","Pink, Beige",Kurta Set
harshi-anarkali-set,"Zardozi Embroidery, Dori Embroidery","Silk, Organza, Kora",Red,Anarkali Set
indira-kurta-set,Zardozi Embroidery,"Raw Silk, Kora","Yellow, Silver",Kurta Set
charusheela-kurta-set,Zardozi Embroidery,"Raw Silk, Kora",Black,Kurta Set
kara-lehenga-set,Zardozi Embroidery,"Raw Silk, Organza","Red, Gold",Lehenga Set
